create database GlassBreaker;

use GlassBreaker;

##industry table and insert statements
create table industry(
    industryID int auto_increment primary key,
    name text
);

insert into industry (industryID, name) values (1, 'Major Pharmaceuticals');
insert into industry (industryID, name) values (2, 'Plastic Products');
insert into industry (industryID, name) values (3, 'Investment Managers');
insert into industry (industryID, name) values (4, 'Property-Casualty Insurers');
insert into industry (industryID, name) values (5, 'Services-Misc. Amusement & Recreation');
insert into industry (industryID, name) values (6, 'Movies/Entertainment');
insert into industry (industryID, name) values (7, 'Major Banks');
insert into industry (industryID, name) values (8, 'Homebuilding');
insert into industry (industryID, name) values (9, 'Air Freight/Delivery Services');
insert into industry (industryID, name) values (10, 'RETAIL: Building Materials');
insert into industry (industryID, name) values (11, 'Hotels/Resorts');
insert into industry (industryID, name) values (12, 'Engineering & Construction');

##userType table and insert statements

create table userType(
    userTypeID int auto_increment primary key,
    name text
);

insert into userType
values (1, 'admin'), (2, 'HR manager'), (3, 'employee');

##jobType table and insert statements

create table jobType(
    jobTypeID int auto_increment primary key,
    name text
);

insert into jobType (jobTypeID, name) values (1, 'Sales Analyst');
insert into jobType (jobTypeID, name) values (2, 'Marketing Analyst');
insert into jobType (jobTypeID, name) values (3, 'HR Worker');
insert into jobType (jobTypeID, name) values (4, 'Customer Support Assistant');
insert into jobType (jobTypeID, name) values (5, 'Mechanical Engineer');
insert into jobType (jobTypeID, name) values (6, 'Electrical Engineer');
insert into jobType (jobTypeID, name) values (7, 'Civil Engineer');
insert into jobType (jobTypeID, name) values (8, 'Research Tech');
insert into jobType (jobTypeID, name) values (9, 'Assistant Researcher');
insert into jobType (jobTypeID, name) values (10, 'HR Manager');
insert into jobType (jobTypeID, name) values (11, 'Support Tech');
insert into jobType (jobTypeID, name) values (12, 'Delivery Driver');
insert into jobType (jobTypeID, name) values (13, 'Storage Worker');
insert into jobType (jobTypeID, name) values (14, 'Sales Rep');
insert into jobType (jobTypeID, name) values (15, 'Product Manager');
insert into jobType (jobTypeID, name) values (16, 'VP Sales');
insert into jobType (jobTypeID, name) values (17, 'Marketing Assistant');
insert into jobType (jobTypeID, name) values (18, 'Consumer Analyst');
insert into jobType (jobTypeID, name) values (19, 'Safety Consultant');
insert into jobType (jobTypeID, name) values (20, 'Senior Advisor');
insert into jobType (jobTypeID, name) values (21, 'Employee Service Worker');
insert into jobType (jobTypeID, name) values (22, 'Communications Representative');
insert into jobType (jobTypeID, name) values (23, 'Programmer');
insert into jobType (jobTypeID, name) values (24, 'Trainer');
insert into jobType (jobTypeID, name) values (25, 'Product Designer');

##user table and insert statements

create table user(
    userID int auto_increment primary key,
    userTypeID int,
    firstName text,
    lastName text,
    email text,
    username text,
    password text,
    active boolean,
    constraint fk_userTypeID
        foreign key (userTypeID) references userType (userTypeID)
        on update cascade on delete restrict
);

insert into user (userID, userTypeID, firstName, lastName, email, username, password, active) values (1, 2, 'Darill', 'Enticknap', 'denticknap0@istockphoto.com', 'denticknap0', 'IzlpSreYfV5', 1);
insert into user (userID, userTypeID, firstName, lastName, email, username, password, active) values (2, 2, 'Irina', 'Portingale', 'iportingale1@uol.com.br', 'iportingale1', '2MvCfj', 1);
insert into user (userID, userTypeID, firstName, lastName, email, username, password, active) values (3, 3, 'Carma', 'Harses', 'charses2@foxnews.com', 'charses2', 'lBs4RUnRv', 1);
insert into user (userID, userTypeID, firstName, lastName, email, username, password, active) values (4, 1, 'Revkah', 'Kulas', 'rkulas3@fc2.com', 'rkulas3', '5JOxz7', 1);
insert into user (userID, userTypeID, firstName, lastName, email, username, password, active) values (5, 1, 'Curry', 'Crich', 'ccrich4@thetimes.co.uk', 'ccrich4', 'Z9Ic7N', 1);
insert into user (userID, userTypeID, firstName, lastName, email, username, password, active) values (6, 2, 'Dominik', 'Rigard', 'drigard5@marketwatch.com', 'drigard5', 'SMaW3tbM', 1);
insert into user (userID, userTypeID, firstName, lastName, email, username, password, active) values (7, 1, 'Colan', 'Wareing', 'cwareing6@skyrock.com', 'cwareing6', 'MWtM21bjwcmw', 1);
insert into user (userID, userTypeID, firstName, lastName, email, username, password, active) values (8, 3, 'Lorita', 'Pinson', 'lpinson7@state.tx.us', 'lpinson7', 'yasAYr', 1);
insert into user (userID, userTypeID, firstName, lastName, email, username, password, active) values (9, 3, 'Tera', 'Freda', 'tfreda8@csmonitor.com', 'tfreda8', 'ZWy20DaN', 1);
insert into user (userID, userTypeID, firstName, lastName, email, username, password, active) values (10, 2, 'Kristy', 'Penrose', 'kpenrose9@sbwire.com', 'kpenrose9', 'zih1kRSkc', 1);
insert into user (userID, userTypeID, firstName, lastName, email, username, password, active) values (11, 1, 'Berkeley', 'Salsberg', 'bsalsberga@behance.net', 'bsalsberga', 'hA4lrx1', 1);
insert into user (userID, userTypeID, firstName, lastName, email, username, password, active) values (12, 2, 'Cesaro', 'Strettell', 'cstrettellb@usda.gov', 'cstrettellb', 'cKdDQ0lIc17C', 1);
insert into user (userID, userTypeID, firstName, lastName, email, username, password, active) values (13, 1, 'Lari', 'Stovine', 'lstovinec@bandcamp.com', 'lstovinec', 'Kk9ltfMu', 1);
insert into user (userID, userTypeID, firstName, lastName, email, username, password, active) values (14, 2, 'Care', 'Peare', 'cpeared@oaic.gov.au', 'cpeared', 'uAtNjHaTq', 1);
insert into user (userID, userTypeID, firstName, lastName, email, username, password, active) values (15, 3, 'Torr', 'Coatts', 'tcoattse@wisc.edu', 'tcoattse', 'ysBWAyvIV7yF', 1);
insert into user (userID, userTypeID, firstName, lastName, email, username, password, active) values (16, 3, 'Annabal', 'Bonett', 'abonettf@vkontakte.ru', 'abonettf', 'F5uc191z4vol', 1);
insert into user (userID, userTypeID, firstName, lastName, email, username, password, active) values (17, 1, 'Fran', 'Tockell', 'ftockellg@amazon.co.jp', 'ftockellg', 'ZwtR6dsUov', 1);
insert into user (userID, userTypeID, firstName, lastName, email, username, password, active) values (18, 2, 'Arney', 'McGrill', 'amcgrillh@amazon.co.uk', 'amcgrillh', 'bBbLHs6ph9YJ', 1);
insert into user (userID, userTypeID, firstName, lastName, email, username, password, active) values (19, 3, 'Cleopatra', 'Packe', 'cpackei@topsy.com', 'cpackei', 'mlgWymLaQ1r', 1);
insert into user (userID, userTypeID, firstName, lastName, email, username, password, active) values (20, 2, 'Lilia', 'Ennion', 'lennionj@illinois.edu', 'lennionj', '3WVWCVn', 1);
insert into user (userID, userTypeID, firstName, lastName, email, username, password, active) values (21, 1, 'Jeri', 'Howood', 'jhowoodk@statcounter.com', 'jhowoodk', 'dlK3QI3p', 1);
insert into user (userID, userTypeID, firstName, lastName, email, username, password, active) values (22, 1, 'Teriann', 'Finding', 'tfindingl@gravatar.com', 'tfindingl', 'uu8zc4W', 1);
insert into user (userID, userTypeID, firstName, lastName, email, username, password, active) values (23, 3, 'Hailee', 'Gerault', 'hgeraultm@hostgator.com', 'hgeraultm', '524gXW', 1);
insert into user (userID, userTypeID, firstName, lastName, email, username, password, active) values (24, 3, 'Ashli', 'Edgett', 'aedgettn@yahoo.co.jp', 'aedgettn', 'U8kHVSI0c', 1);
insert into user (userID, userTypeID, firstName, lastName, email, username, password, active) values (25, 1, 'Shari', 'Bourdice', 'sbourdiceo@livejournal.com', 'sbourdiceo', 'QRa1LNLT', 1);
insert into user (userID, userTypeID, firstName, lastName, email, username, password, active) values (26, 1, 'Evin', 'Chillingsworth', 'echillingsworthp@trellian.com', 'echillingsworthp', 'AH7QwzZn', 1);
insert into user (userID, userTypeID, firstName, lastName, email, username, password, active) values (27, 1, 'Catlin', 'MacAndie', 'cmacandieq@xrea.com', 'cmacandieq', '3GivUgVWsVo', 1);
insert into user (userID, userTypeID, firstName, lastName, email, username, password, active) values (28, 3, 'Ranee', 'Ledington', 'rledingtonr@ask.com', 'rledingtonr', 'ULnnkaBwSD', 1);
insert into user (userID, userTypeID, firstName, lastName, email, username, password, active) values (29, 1, 'Imojean', 'Eke', 'iekes@163.com', 'iekes', 'LPpEfPsb1q5', 1);
insert into user (userID, userTypeID, firstName, lastName, email, username, password, active) values (30, 3, 'Ester', 'O''Caherny', 'eocahernyt@yolasite.com', 'eocahernyt', 'I7nsf3NSi', 1);
insert into user (userID, userTypeID, firstName, lastName, email, username, password, active) values (31, 3, 'Sheeree', 'Oswal', 'soswalu@histats.com', 'soswalu', 'NqkIG36sXGh', 1);
insert into user (userID, userTypeID, firstName, lastName, email, username, password, active) values (32, 2, 'Josey', 'Benediktovich', 'jbenediktovichv@desdev.cn', 'jbenediktovichv', 'nRlOUG0', 1);
insert into user (userID, userTypeID, firstName, lastName, email, username, password, active) values (33, 1, 'Jedd', 'Orwell', 'jorwellw@shutterfly.com', 'jorwellw', 'r07F4lUD', 1);
insert into user (userID, userTypeID, firstName, lastName, email, username, password, active) values (34, 3, 'Ethelred', 'Chasier', 'echasierx@qq.com', 'echasierx', 'EkOIqecfckc', 1);
insert into user (userID, userTypeID, firstName, lastName, email, username, password, active) values (35, 1, 'Tybalt', 'Verma', 'tvermay@typepad.com', 'tvermay', 'g8W8wIMN', 1);
insert into user (userID, userTypeID, firstName, lastName, email, username, password, active) values (36, 2, 'Charissa', 'Everil', 'ceverilz@senate.gov', 'ceverilz', 'U6SfZ27', 1);
insert into user (userID, userTypeID, firstName, lastName, email, username, password, active) values (37, 1, 'Sven', 'Jennions', 'sjennions10@ning.com', 'sjennions10', 'AAUB7s1B', 1);
insert into user (userID, userTypeID, firstName, lastName, email, username, password, active) values (38, 2, 'Con', 'Whannel', 'cwhannel11@yandex.ru', 'cwhannel11', 'J1dDc05e8hZ0', 1);
insert into user (userID, userTypeID, firstName, lastName, email, username, password, active) values (39, 3, 'Linnea', 'Sclanders', 'lsclanders12@theatlantic.com', 'lsclanders12', 'BtnQS49Q0L4', 1);
insert into user (userID, userTypeID, firstName, lastName, email, username, password, active) values (40, 3, 'Eveline', 'Frankcomb', 'efrankcomb13@cbsnews.com', 'efrankcomb13', '5tnbRqu1', 1);
insert into user (userID, userTypeID, firstName, lastName, email, username, password, active) values (41, 1, 'Roxanne', 'Filippazzo', 'rfilippazzo14@livejournal.com', 'rfilippazzo14', 'XgAMQ5hVB', 1);
insert into user (userID, userTypeID, firstName, lastName, email, username, password, active) values (42, 1, 'Basilius', 'Greensite', 'bgreensite15@homestead.com', 'bgreensite15', 'BobsKl', 1);
insert into user (userID, userTypeID, firstName, lastName, email, username, password, active) values (43, 3, 'Skelly', 'Tribe', 'stribe16@surveymonkey.com', 'stribe16', '3vtprASGu', 1);
insert into user (userID, userTypeID, firstName, lastName, email, username, password, active) values (44, 1, 'Hynda', 'Duchart', 'hduchart17@umich.edu', 'hduchart17', 'KIrDT31qhQ27', 1);
insert into user (userID, userTypeID, firstName, lastName, email, username, password, active) values (45, 3, 'Clemmie', 'Pitman', 'cpitman18@cnn.com', 'cpitman18', 'j8v9fTk', 1);
insert into user (userID, userTypeID, firstName, lastName, email, username, password, active) values (46, 1, 'Naomi', 'Dix', 'ndix19@buzzfeed.com', 'ndix19', '19K9CTkZagc', 1);
insert into user (userID, userTypeID, firstName, lastName, email, username, password, active) values (47, 2, 'Aarika', 'Brabon', 'abrabon1a@themeforest.net', 'abrabon1a', '6nAo8tAJWUS', 1);
insert into user (userID, userTypeID, firstName, lastName, email, username, password, active) values (48, 2, 'Gwenore', 'Tomkinson', 'gtomkinson1b@bizjournals.com', 'gtomkinson1b', 'uWS9cLp', 1);
insert into user (userID, userTypeID, firstName, lastName, email, username, password, active) values (49, 3, 'Paige', 'Jenkyn', 'pjenkyn1c@nbcnews.com', 'pjenkyn1c', 'Cua3o9', 1);
insert into user (userID, userTypeID, firstName, lastName, email, username, password, active) values (50, 2, 'Aristotle', 'Tolmie', 'atolmie1d@nifty.com', 'atolmie1d', 'vd3kqU', 1);
insert into user (userID, userTypeID, firstName, lastName, email, username, password, active) values (51, 1, 'Hal', 'Turmall', 'hturmall1e@trellian.com', 'hturmall1e', 'ZVlJke', 1);
insert into user (userID, userTypeID, firstName, lastName, email, username, password, active) values (52, 1, 'Dorey', 'Wathall', 'dwathall1f@wikispaces.com', 'dwathall1f', 'RmNFpqBH', 1);
insert into user (userID, userTypeID, firstName, lastName, email, username, password, active) values (53, 2, 'Mady', 'Fischer', 'mfischer1g@utexas.edu', 'mfischer1g', 'CQ7ql57BCOPY', 1);
insert into user (userID, userTypeID, firstName, lastName, email, username, password, active) values (54, 1, 'Caressa', 'Lyall', 'clyall1h@flickr.com', 'clyall1h', 'xYqyEJL', 1);
insert into user (userID, userTypeID, firstName, lastName, email, username, password, active) values (55, 2, 'Brendis', 'Kubiak', 'bkubiak1i@ibm.com', 'bkubiak1i', 'nEnqXI', 1);
insert into user (userID, userTypeID, firstName, lastName, email, username, password, active) values (56, 2, 'Ware', 'Felderer', 'wfelderer1j@cocolog-nifty.com', 'wfelderer1j', '5mCNWTeE', 1);
insert into user (userID, userTypeID, firstName, lastName, email, username, password, active) values (57, 1, 'Fleurette', 'Gilman', 'fgilman1k@ft.com', 'fgilman1k', 'kPGJQg', 1);
insert into user (userID, userTypeID, firstName, lastName, email, username, password, active) values (58, 2, 'Torey', 'McWhorter', 'tmcwhorter1l@sina.com.cn', 'tmcwhorter1l', 'JREmHv', 1);
insert into user (userID, userTypeID, firstName, lastName, email, username, password, active) values (59, 2, 'Glenine', 'Weathers', 'gweathers1m@addtoany.com', 'gweathers1m', 'ivJEHNs79tBz', 1);
insert into user (userID, userTypeID, firstName, lastName, email, username, password, active) values (60, 1, 'Fitz', 'Yosevitz', 'fyosevitz1n@nbcnews.com', 'fyosevitz1n', 'fuKiQin3B2Ef', 1);
insert into user (userID, userTypeID, firstName, lastName, email, username, password, active) values (61, 1, 'Fidelity', 'Sherme', 'fsherme1o@mac.com', 'fsherme1o', '7cfFFPxHEq', 1);
insert into user (userID, userTypeID, firstName, lastName, email, username, password, active) values (62, 2, 'Filippa', 'Plumm', 'fplumm1p@spotify.com', 'fplumm1p', '6C3ccGKc', 1);
insert into user (userID, userTypeID, firstName, lastName, email, username, password, active) values (63, 2, 'Gilbert', 'Bussens', 'gbussens1q@oaic.gov.au', 'gbussens1q', '26N5Cz1Jlt', 1);
insert into user (userID, userTypeID, firstName, lastName, email, username, password, active) values (64, 2, 'Sayre', 'Garvin', 'sgarvin1r@vk.com', 'sgarvin1r', 'UvetbAfzGrV', 1);
insert into user (userID, userTypeID, firstName, lastName, email, username, password, active) values (65, 2, 'Kiele', 'Hickeringill', 'khickeringill1s@geocities.jp', 'khickeringill1s', 'VIQPv5FABlA5', 1);
insert into user (userID, userTypeID, firstName, lastName, email, username, password, active) values (66, 2, 'Udell', 'Belson', 'ubelson1t@histats.com', 'ubelson1t', 'ePiHIbei', 1);
insert into user (userID, userTypeID, firstName, lastName, email, username, password, active) values (67, 2, 'Aeriel', 'Fogden', 'afogden1u@fastcompany.com', 'afogden1u', '1URGuE', 1);
insert into user (userID, userTypeID, firstName, lastName, email, username, password, active) values (68, 1, 'Sharline', 'Scolding', 'sscolding1v@ucoz.ru', 'sscolding1v', 'mxkdHmqu', 1);
insert into user (userID, userTypeID, firstName, lastName, email, username, password, active) values (69, 1, 'Alex', 'Bebis', 'abebis1w@xinhuanet.com', 'abebis1w', 'awstB4ycrg', 1);
insert into user (userID, userTypeID, firstName, lastName, email, username, password, active) values (70, 2, 'Arlinda', 'Beranek', 'aberanek1x@netlog.com', 'aberanek1x', 'uIFCoLsCs6Bn', 1);
insert into user (userID, userTypeID, firstName, lastName, email, username, password, active) values (71, 1, 'Carson', 'Trevett', 'ctrevett1y@narod.ru', 'ctrevett1y', 'A6b26ejZ8tf', 1);
insert into user (userID, userTypeID, firstName, lastName, email, username, password, active) values (72, 3, 'Sharon', 'Quantick', 'squantick1z@ihg.com', 'squantick1z', 'g258hZ5vY', 1);
insert into user (userID, userTypeID, firstName, lastName, email, username, password, active) values (73, 2, 'Rory', 'MacTavish', 'rmactavish20@bbb.org', 'rmactavish20', 'eF137GB5', 1);
insert into user (userID, userTypeID, firstName, lastName, email, username, password, active) values (74, 2, 'Ilaire', 'Bewsey', 'ibewsey21@tumblr.com', 'ibewsey21', '8mobmFjL4', 1);
insert into user (userID, userTypeID, firstName, lastName, email, username, password, active) values (75, 1, 'Cesar', 'Silvermann', 'csilvermann22@pen.io', 'csilvermann22', '9YmYxqNlJ4x', 1);
insert into user (userID, userTypeID, firstName, lastName, email, username, password, active) values (76, 1, 'Kermit', 'Sorro', 'ksorro23@chicagotribune.com', 'ksorro23', 'WrViIrK', 1);
insert into user (userID, userTypeID, firstName, lastName, email, username, password, active) values (77, 1, 'Karoly', 'Chaplyn', 'kchaplyn24@bizjournals.com', 'kchaplyn24', 'Xs0IB5V', 1);
insert into user (userID, userTypeID, firstName, lastName, email, username, password, active) values (78, 3, 'Oberon', 'Tabard', 'otabard25@independent.co.uk', 'otabard25', 'rxqQ2vfxFuW0', 1);
insert into user (userID, userTypeID, firstName, lastName, email, username, password, active) values (79, 1, 'Regina', 'Berka', 'rberka26@intel.com', 'rberka26', 'K9EKhMPleUb', 1);
insert into user (userID, userTypeID, firstName, lastName, email, username, password, active) values (80, 2, 'Alberta', 'Stefi', 'astefi27@ox.ac.uk', 'astefi27', 'yJJfIAc', 1);
insert into user (userID, userTypeID, firstName, lastName, email, username, password, active) values (81, 3, 'Chlo', 'Richford', 'crichford28@phpbb.com', 'crichford28', '8A0TEE', 1);
insert into user (userID, userTypeID, firstName, lastName, email, username, password, active) values (82, 2, 'Deeann', 'Manach', 'dmanach29@craigslist.org', 'dmanach29', 'J7WDF7', 1);
insert into user (userID, userTypeID, firstName, lastName, email, username, password, active) values (83, 3, 'Hortensia', 'Margerrison', 'hmargerrison2a@imgur.com', 'hmargerrison2a', 'xfTegMQ', 1);
insert into user (userID, userTypeID, firstName, lastName, email, username, password, active) values (84, 1, 'Becky', 'Northern', 'bnorthern2b@arizona.edu', 'bnorthern2b', 'Z4Sp69', 1);
insert into user (userID, userTypeID, firstName, lastName, email, username, password, active) values (85, 1, 'Alfredo', 'Kener', 'akener2c@squarespace.com', 'akener2c', 'EkHBoFNk', 1);
insert into user (userID, userTypeID, firstName, lastName, email, username, password, active) values (86, 3, 'Mabelle', 'Tackell', 'mtackell2d@simplemachines.org', 'mtackell2d', 'iG4ea2s', 1);
insert into user (userID, userTypeID, firstName, lastName, email, username, password, active) values (87, 3, 'Emmi', 'Cahalin', 'ecahalin2e@imageshack.us', 'ecahalin2e', '5yNN8Fbc4', 1);
insert into user (userID, userTypeID, firstName, lastName, email, username, password, active) values (88, 3, 'Ladonna', 'Whittles', 'lwhittles2f@answers.com', 'lwhittles2f', 'd5WAfJ5GQYQS', 1);
insert into user (userID, userTypeID, firstName, lastName, email, username, password, active) values (89, 1, 'Jenelle', 'Fernando', 'jfernando2g@arizona.edu', 'jfernando2g', 'cibiA7wxuKp', 1);
insert into user (userID, userTypeID, firstName, lastName, email, username, password, active) values (90, 3, 'Norrie', 'Schimonek', 'nschimonek2h@hugedomains.com', 'nschimonek2h', 'qtfYC1v', 1);
insert into user (userID, userTypeID, firstName, lastName, email, username, password, active) values (91, 3, 'Filmer', 'Skyram', 'fskyram2i@ifeng.com', 'fskyram2i', '2pvxWh5W14', 1);
insert into user (userID, userTypeID, firstName, lastName, email, username, password, active) values (92, 1, 'Jeno', 'Forcer', 'jforcer2j@mail.ru', 'jforcer2j', 'GXarc8OI35', 1);
insert into user (userID, userTypeID, firstName, lastName, email, username, password, active) values (93, 2, 'Delmer', 'Augur', 'daugur2k@google.co.uk', 'daugur2k', 'lAfdRyAVUNJ', 1);
insert into user (userID, userTypeID, firstName, lastName, email, username, password, active) values (94, 1, 'Trefor', 'Ucceli', 'tucceli2l@csmonitor.com', 'tucceli2l', 'cMURYpcL5a2', 1);
insert into user (userID, userTypeID, firstName, lastName, email, username, password, active) values (95, 3, 'Giacomo', 'Simonaitis', 'gsimonaitis2m@w3.org', 'gsimonaitis2m', 'FEkSTAU', 1);
insert into user (userID, userTypeID, firstName, lastName, email, username, password, active) values (96, 1, 'Maritsa', 'Weaver', 'mweaver2n@google.ca', 'mweaver2n', '0uiBkUA3z2', 1);
insert into user (userID, userTypeID, firstName, lastName, email, username, password, active) values (97, 2, 'Mordy', 'Barwis', 'mbarwis2o@globo.com', 'mbarwis2o', 'AL4ccvh', 1);
insert into user (userID, userTypeID, firstName, lastName, email, username, password, active) values (98, 1, 'Orton', 'Bafford', 'obafford2p@blogtalkradio.com', 'obafford2p', 'pFN0Dskucy', 1);
insert into user (userID, userTypeID, firstName, lastName, email, username, password, active) values (99, 2, 'Ellery', 'Gooderham', 'egooderham2q@dailymail.co.uk', 'egooderham2q', '2ErskfzMDBr', 1);
insert into user (userID, userTypeID, firstName, lastName, email, username, password, active) values (100, 1, 'Belia', 'Crosseland', 'bcrosseland2r@ucsd.edu', 'bcrosseland2r', 'ZRmxX8wAjyB', 1);
insert into user (userID, userTypeID, firstName, lastName, email, username, password, active) values (101, 3, 'Royce', 'Axelby', 'raxelby2s@t.co', 'raxelby2s', 'IcK9hnz4d7rn', 1);
insert into user (userID, userTypeID, firstName, lastName, email, username, password, active) values (102, 1, 'Judye', 'Antonietti', 'jantonietti2t@imageshack.us', 'jantonietti2t', 'uhxLWHhE', 1);
insert into user (userID, userTypeID, firstName, lastName, email, username, password, active) values (103, 2, 'Janaya', 'Waldrum', 'jwaldrum2u@liveinternet.ru', 'jwaldrum2u', '0irGsKluM', 1);
insert into user (userID, userTypeID, firstName, lastName, email, username, password, active) values (104, 1, 'Janos', 'Glenton', 'jglenton2v@mlb.com', 'jglenton2v', 'WfOFtkNu05', 1);
insert into user (userID, userTypeID, firstName, lastName, email, username, password, active) values (105, 2, 'Irina', 'Doud', 'idoud2w@wikispaces.com', 'idoud2w', 'kPU6hwVRzApL', 1);
insert into user (userID, userTypeID, firstName, lastName, email, username, password, active) values (106, 2, 'Gawen', 'Bimson', 'gbimson2x@psu.edu', 'gbimson2x', 'Siw7DFhi10', 1);
insert into user (userID, userTypeID, firstName, lastName, email, username, password, active) values (107, 3, 'Kay', 'Scamerdine', 'kscamerdine2y@seesaa.net', 'kscamerdine2y', 'wAVjcsCC', 1);
insert into user (userID, userTypeID, firstName, lastName, email, username, password, active) values (108, 1, 'Rochelle', 'Schohier', 'rschohier2z@reuters.com', 'rschohier2z', 'lAICQz2', 1);
insert into user (userID, userTypeID, firstName, lastName, email, username, password, active) values (109, 3, 'Corilla', 'Vevers', 'cvevers30@wikispaces.com', 'cvevers30', 'uRikSG0IRJ9', 1);
insert into user (userID, userTypeID, firstName, lastName, email, username, password, active) values (110, 3, 'Corbie', 'Tuft', 'ctuft31@pbs.org', 'ctuft31', '1xOMvd1u', 1);
insert into user (userID, userTypeID, firstName, lastName, email, username, password, active) values (111, 1, 'Torrey', 'Midson', 'tmidson32@shop-pro.jp', 'tmidson32', '2AzkrUJ', 1);
insert into user (userID, userTypeID, firstName, lastName, email, username, password, active) values (112, 1, 'Lona', 'Kemwal', 'lkemwal33@fotki.com', 'lkemwal33', 'cqSJpW9wUWf', 1);
insert into user (userID, userTypeID, firstName, lastName, email, username, password, active) values (113, 1, 'Fidelio', 'Hadingham', 'fhadingham34@instagram.com', 'fhadingham34', 'KoyEMooj', 1);
insert into user (userID, userTypeID, firstName, lastName, email, username, password, active) values (114, 1, 'Ileana', 'Chupin', 'ichupin35@webnode.com', 'ichupin35', 'HVJTRMAJ', 1);
insert into user (userID, userTypeID, firstName, lastName, email, username, password, active) values (115, 2, 'Sayres', 'Kayne', 'skayne36@theguardian.com', 'skayne36', 'bAzaSD', 1);
insert into user (userID, userTypeID, firstName, lastName, email, username, password, active) values (116, 1, 'Winifield', 'Sextie', 'wsextie37@lycos.com', 'wsextie37', 'HVPRGyNc', 1);
insert into user (userID, userTypeID, firstName, lastName, email, username, password, active) values (117, 2, 'Blondelle', 'Reedyhough', 'breedyhough38@shareasale.com', 'breedyhough38', '9j749ufE', 1);
insert into user (userID, userTypeID, firstName, lastName, email, username, password, active) values (118, 1, 'Porter', 'Worboy', 'pworboy39@prnewswire.com', 'pworboy39', 'lst1Bqh2eY', 1);
insert into user (userID, userTypeID, firstName, lastName, email, username, password, active) values (119, 3, 'Kim', 'Luffman', 'kluffman3a@army.mil', 'kluffman3a', 'JTRgJjP7', 1);
insert into user (userID, userTypeID, firstName, lastName, email, username, password, active) values (120, 1, 'Marie-jeanne', 'Pierro', 'mpierro3b@reverbnation.com', 'mpierro3b', '2nZp9jGM', 1);
insert into user (userID, userTypeID, firstName, lastName, email, username, password, active) values (121, 3, 'Darcee', 'Measey', 'dmeasey3c@salon.com', 'dmeasey3c', '1eBGrgrl', 1);
insert into user (userID, userTypeID, firstName, lastName, email, username, password, active) values (122, 3, 'Yancey', 'Ollenbuttel', 'yollenbuttel3d@people.com.cn', 'yollenbuttel3d', 'SK1Akzl5', 1);
insert into user (userID, userTypeID, firstName, lastName, email, username, password, active) values (123, 2, 'Sutherlan', 'Edmand', 'sedmand3e@prnewswire.com', 'sedmand3e', 'vIrN776', 1);
insert into user (userID, userTypeID, firstName, lastName, email, username, password, active) values (124, 2, 'Ariela', 'Hattigan', 'ahattigan3f@bbb.org', 'ahattigan3f', 'JJGV87', 1);
insert into user (userID, userTypeID, firstName, lastName, email, username, password, active) values (125, 1, 'Ilse', 'Haberfield', 'ihaberfield3g@canalblog.com', 'ihaberfield3g', 'lGUIjJpDj', 1);
insert into user (userID, userTypeID, firstName, lastName, email, username, password, active) values (126, 2, 'Eduino', 'Caldwall', 'ecaldwall3h@flickr.com', 'ecaldwall3h', 'YLXEudR8u', 1);
insert into user (userID, userTypeID, firstName, lastName, email, username, password, active) values (127, 2, 'Erminia', 'Burland', 'eburland3i@trellian.com', 'eburland3i', 'WEv8CAGEAU', 1);
insert into user (userID, userTypeID, firstName, lastName, email, username, password, active) values (128, 1, 'Ethel', 'Hale', 'ehale3j@photobucket.com', 'ehale3j', 'Y8JtBe8sCHkn', 1);
insert into user (userID, userTypeID, firstName, lastName, email, username, password, active) values (129, 3, 'Viola', 'Doyley', 'vdoyley3k@shutterfly.com', 'vdoyley3k', 'FxKso3EmDg', 1);
insert into user (userID, userTypeID, firstName, lastName, email, username, password, active) values (130, 3, 'Katerina', 'Prisley', 'kprisley3l@europa.eu', 'kprisley3l', 'ad4Opv0oF1vh', 1);
insert into user (userID, userTypeID, firstName, lastName, email, username, password, active) values (131, 2, 'Helen-elizabeth', 'Halliberton', 'hhalliberton3m@addthis.com', 'hhalliberton3m', 'dSvUkz', 1);
insert into user (userID, userTypeID, firstName, lastName, email, username, password, active) values (132, 3, 'Marcelline', 'Cavanaugh', 'mcavanaugh3n@newyorker.com', 'mcavanaugh3n', 'IyNrPL', 1);
insert into user (userID, userTypeID, firstName, lastName, email, username, password, active) values (133, 2, 'Powell', 'Reynault', 'preynault3o@unblog.fr', 'preynault3o', 'r0zg4OCKO', 1);
insert into user (userID, userTypeID, firstName, lastName, email, username, password, active) values (134, 3, 'Annabal', 'Nyles', 'anyles3p@admin.ch', 'anyles3p', 'D4kzIPdHbW7', 1);
insert into user (userID, userTypeID, firstName, lastName, email, username, password, active) values (135, 2, 'Orella', 'Kermode', 'okermode3q@nhs.uk', 'okermode3q', 'SZiKTye', 1);
insert into user (userID, userTypeID, firstName, lastName, email, username, password, active) values (136, 3, 'Elmore', 'Briereton', 'ebriereton3r@e-recht24.de', 'ebriereton3r', 'tx8tthiMLi', 1);
insert into user (userID, userTypeID, firstName, lastName, email, username, password, active) values (137, 1, 'Theresina', 'Boddington', 'tboddington3s@wunderground.com', 'tboddington3s', '1VivUTRzF', 1);
insert into user (userID, userTypeID, firstName, lastName, email, username, password, active) values (138, 2, 'Benjamen', 'Loadsman', 'bloadsman3t@google.de', 'bloadsman3t', 'YUDTQH64R', 1);
insert into user (userID, userTypeID, firstName, lastName, email, username, password, active) values (139, 3, 'Estele', 'Rapelli', 'erapelli3u@businessweek.com', 'erapelli3u', 'Ame0pqZ', 1);
insert into user (userID, userTypeID, firstName, lastName, email, username, password, active) values (140, 3, 'Pearce', 'Taylot', 'ptaylot3v@ted.com', 'ptaylot3v', 'fMj6qLVe0V6', 1);
insert into user (userID, userTypeID, firstName, lastName, email, username, password, active) values (141, 2, 'Rosmunda', 'Forryan', 'rforryan3w@techcrunch.com', 'rforryan3w', 'oBXV7gh', 1);
insert into user (userID, userTypeID, firstName, lastName, email, username, password, active) values (142, 2, 'Schuyler', 'Roggero', 'sroggero3x@pcworld.com', 'sroggero3x', 'MCGGVw', 1);
insert into user (userID, userTypeID, firstName, lastName, email, username, password, active) values (143, 3, 'Nick', 'Carsberg', 'ncarsberg3y@irs.gov', 'ncarsberg3y', 'xZlLt3snPKL6', 1);
insert into user (userID, userTypeID, firstName, lastName, email, username, password, active) values (144, 1, 'Melonie', 'Ellingford', 'mellingford3z@abc.net.au', 'mellingford3z', '9PYGVRxhZ84f', 1);
insert into user (userID, userTypeID, firstName, lastName, email, username, password, active) values (145, 2, 'Juan', 'Prestland', 'jprestland40@amazon.de', 'jprestland40', 'bA9utVs', 1);
insert into user (userID, userTypeID, firstName, lastName, email, username, password, active) values (146, 1, 'Briny', 'Simmans', 'bsimmans41@etsy.com', 'bsimmans41', 'SwUNupjIjHP', 1);
insert into user (userID, userTypeID, firstName, lastName, email, username, password, active) values (147, 1, 'Laurianne', 'Pestricke', 'lpestricke42@usatoday.com', 'lpestricke42', '6b6YjJ', 1);
insert into user (userID, userTypeID, firstName, lastName, email, username, password, active) values (148, 1, 'Aldus', 'Penfold', 'apenfold43@amazon.co.uk', 'apenfold43', 'E6dwGpKzig4Y', 1);
insert into user (userID, userTypeID, firstName, lastName, email, username, password, active) values (149, 3, 'Lilah', 'Compson', 'lcompson44@marketwatch.com', 'lcompson44', 'ouGPoiILWN', 1);
insert into user (userID, userTypeID, firstName, lastName, email, username, password, active) values (150, 3, 'Virgilio', 'Theunissen', 'vtheunissen45@auda.org.au', 'vtheunissen45', 'nv935naPX7Cq', 1);
insert into user (userID, userTypeID, firstName, lastName, email, username, password, active) values (151, 1, 'Merrel', 'Lewnden', 'mlewnden0@wsj.com', 'mlewnden0', 'YphbDNPBL', 1);
insert into user (userID, userTypeID, firstName, lastName, email, username, password, active) values (152, 3, 'Donny', 'Stanwix', 'dstanwix1@statcounter.com', 'dstanwix1', '2MrJUneKwDp', 1);
insert into user (userID, userTypeID, firstName, lastName, email, username, password, active) values (153, 2, 'Claudianus', 'Morsley', 'cmorsley2@uiuc.edu', 'cmorsley2', 'ehj3n36i', 1);
insert into user (userID, userTypeID, firstName, lastName, email, username, password, active) values (154, 3, 'Yul', 'MacAlester', 'ymacalester3@blinklist.com', 'ymacalester3', 'CxlMwJ6JH', 1);
insert into user (userID, userTypeID, firstName, lastName, email, username, password, active) values (155, 1, 'Cornie', 'Tonn', 'ctonn4@merriam-webster.com', 'ctonn4', 'gKIz6dSthjxf', 1);
insert into user (userID, userTypeID, firstName, lastName, email, username, password, active) values (156, 2, 'Nonna', 'Nelius', 'nnelius5@apple.com', 'nnelius5', 'lgLcXwlzO6i', 1);
insert into user (userID, userTypeID, firstName, lastName, email, username, password, active) values (157, 1, 'Padgett', 'Alessandone', 'palessandone6@marriott.com', 'palessandone6', 'jDMcp9P', 1);
insert into user (userID, userTypeID, firstName, lastName, email, username, password, active) values (158, 2, 'Stanwood', 'Sergant', 'ssergant7@who.int', 'ssergant7', '9U4ItEEzGr', 1);
insert into user (userID, userTypeID, firstName, lastName, email, username, password, active) values (159, 1, 'Oneida', 'Arent', 'oarent8@tumblr.com', 'oarent8', 'RcnBXL2', 1);
insert into user (userID, userTypeID, firstName, lastName, email, username, password, active) values (160, 2, 'Roddie', 'Behneke', 'rbehneke9@nhs.uk', 'rbehneke9', 'Xf4COauzOZu', 1);
insert into user (userID, userTypeID, firstName, lastName, email, username, password, active) values (161, 1, 'Jacquenette', 'Tomczynski', 'jtomczynskia@apache.org', 'jtomczynskia', 'Fvo1UNX', 1);
insert into user (userID, userTypeID, firstName, lastName, email, username, password, active) values (162, 2, 'Rich', 'Manning', 'rmanningb@weather.com', 'rmanningb', 'TeDGEZmMW57', 1);
insert into user (userID, userTypeID, firstName, lastName, email, username, password, active) values (163, 3, 'Fawnia', 'Menichelli', 'fmenichellic@yale.edu', 'fmenichellic', 'N7ZtwOx', 1);
insert into user (userID, userTypeID, firstName, lastName, email, username, password, active) values (164, 3, 'Raviv', 'Milmo', 'rmilmod@mayoclinic.com', 'rmilmod', 'S06kuti3oj', 1);
insert into user (userID, userTypeID, firstName, lastName, email, username, password, active) values (165, 1, 'Thorpe', 'Hantusch', 'thantusche@dion.ne.jp', 'thantusche', 'OzeArHVlU', 1);
insert into user (userID, userTypeID, firstName, lastName, email, username, password, active) values (166, 3, 'Pauly', 'Walesby', 'pwalesbyf@sfgate.com', 'pwalesbyf', 'yjgu3VAqf', 1);
insert into user (userID, userTypeID, firstName, lastName, email, username, password, active) values (167, 1, 'Nerty', 'McKeon', 'nmckeong@hatena.ne.jp', 'nmckeong', 'tWcIgfki', 1);
insert into user (userID, userTypeID, firstName, lastName, email, username, password, active) values (168, 3, 'Paulita', 'Gravy', 'pgravyh@cyberchimps.com', 'pgravyh', '9jp6t1IiYlwK', 1);
insert into user (userID, userTypeID, firstName, lastName, email, username, password, active) values (169, 2, 'Felita', 'Mulvenna', 'fmulvennai@imdb.com', 'fmulvennai', 'DjAPobC', 1);
insert into user (userID, userTypeID, firstName, lastName, email, username, password, active) values (170, 1, 'Hew', 'McGaugie', 'hmcgaugiej@reddit.com', 'hmcgaugiej', 'alIdWDtMkvC', 1);
insert into user (userID, userTypeID, firstName, lastName, email, username, password, active) values (171, 1, 'Morgen', 'Fitzsymon', 'mfitzsymonk@imdb.com', 'mfitzsymonk', 'xr9JUlxP6Jxq', 1);
insert into user (userID, userTypeID, firstName, lastName, email, username, password, active) values (172, 1, 'Jobie', 'Costellow', 'jcostellowl@bravesites.com', 'jcostellowl', 'GgJh3VG6iF', 1);
insert into user (userID, userTypeID, firstName, lastName, email, username, password, active) values (173, 3, 'Beryle', 'Baldocci', 'bbaldoccim@bloglovin.com', 'bbaldoccim', 't91osYVnxyS', 1);
insert into user (userID, userTypeID, firstName, lastName, email, username, password, active) values (174, 3, 'Evania', 'Bordman', 'ebordmann@youtube.com', 'ebordmann', 'tPbvxWg', 1);
insert into user (userID, userTypeID, firstName, lastName, email, username, password, active) values (175, 1, 'Iggy', 'Tremontana', 'itremontanao@facebook.com', 'itremontanao', '1sE1zxSM', 1);
insert into user (userID, userTypeID, firstName, lastName, email, username, password, active) values (176, 3, 'Bethany', 'Roache', 'broachep@godaddy.com', 'broachep', 'ENlyJMsXP', 1);
insert into user (userID, userTypeID, firstName, lastName, email, username, password, active) values (177, 1, 'Aristotle', 'Fennell', 'afennellq@google.ca', 'afennellq', 'scqq28', 1);
insert into user (userID, userTypeID, firstName, lastName, email, username, password, active) values (178, 3, 'Beryle', 'Rockhill', 'brockhillr@rakuten.co.jp', 'brockhillr', 'ztTL1Ig', 1);
insert into user (userID, userTypeID, firstName, lastName, email, username, password, active) values (179, 3, 'Innis', 'Menguy', 'imenguys@nymag.com', 'imenguys', 'ABeBfHKD', 1);
insert into user (userID, userTypeID, firstName, lastName, email, username, password, active) values (180, 2, 'Margarethe', 'Fowlie', 'mfowliet@fda.gov', 'mfowliet', 'p53YXnMUcH', 1);
insert into user (userID, userTypeID, firstName, lastName, email, username, password, active) values (181, 3, 'Fayina', 'Camilleri', 'fcamilleriu@reverbnation.com', 'fcamilleriu', 'BGlByq', 1);
insert into user (userID, userTypeID, firstName, lastName, email, username, password, active) values (182, 3, 'Levon', 'Lawlie', 'llawliev@joomla.org', 'llawliev', 'Jrc0e9JRGDac', 1);
insert into user (userID, userTypeID, firstName, lastName, email, username, password, active) values (183, 1, 'Sandi', 'Reolfo', 'sreolfow@patch.com', 'sreolfow', 'OjHIb4zxjL', 1);
insert into user (userID, userTypeID, firstName, lastName, email, username, password, active) values (184, 3, 'Norri', 'Garratty', 'ngarrattyx@cbsnews.com', 'ngarrattyx', 'wkRKt3bjU', 1);
insert into user (userID, userTypeID, firstName, lastName, email, username, password, active) values (185, 2, 'Chrissie', 'Zavattiero', 'czavattieroy@xinhuanet.com', 'czavattieroy', 'GlBvGlgMcXxZ', 1);
insert into user (userID, userTypeID, firstName, lastName, email, username, password, active) values (186, 3, 'Clay', 'Gannan', 'cgannanz@hhs.gov', 'cgannanz', 'tkQRgrwbN76', 1);
insert into user (userID, userTypeID, firstName, lastName, email, username, password, active) values (187, 3, 'Jarret', 'Gaskin', 'jgaskin10@smugmug.com', 'jgaskin10', 'nv5kcg', 1);
insert into user (userID, userTypeID, firstName, lastName, email, username, password, active) values (188, 1, 'Brendin', 'Coveney', 'bcoveney11@huffingtonpost.com', 'bcoveney11', 'fWaHO17D8', 1);
insert into user (userID, userTypeID, firstName, lastName, email, username, password, active) values (189, 2, 'Madelena', 'MacBean', 'mmacbean12@timesonline.co.uk', 'mmacbean12', 'uILB0Mnn2t', 1);
insert into user (userID, userTypeID, firstName, lastName, email, username, password, active) values (190, 3, 'Adoree', 'Minchenton', 'aminchenton13@squarespace.com', 'aminchenton13', 'KDCpKa', 1);
insert into user (userID, userTypeID, firstName, lastName, email, username, password, active) values (191, 1, 'Teador', 'Lammin', 'tlammin14@salon.com', 'tlammin14', 'wPXoEvUBh', 1);
insert into user (userID, userTypeID, firstName, lastName, email, username, password, active) values (192, 3, 'Wynnie', 'Tigwell', 'wtigwell15@china.com.cn', 'wtigwell15', 'GK5zNcYtc1', 1);
insert into user (userID, userTypeID, firstName, lastName, email, username, password, active) values (193, 1, 'Kittie', 'Aingell', 'kaingell16@ihg.com', 'kaingell16', 'NZ4naIn0D', 1);
insert into user (userID, userTypeID, firstName, lastName, email, username, password, active) values (194, 2, 'Bertrando', 'Dancey', 'bdancey17@marketwatch.com', 'bdancey17', 'MnrAWrRtc', 1);
insert into user (userID, userTypeID, firstName, lastName, email, username, password, active) values (195, 3, 'Stevana', 'Hayers', 'shayers18@about.me', 'shayers18', 'YDn6giN', 1);
insert into user (userID, userTypeID, firstName, lastName, email, username, password, active) values (196, 1, 'Loralie', 'Bucknill', 'lbucknill19@biglobe.ne.jp', 'lbucknill19', 'Ch0vuZ2', 1);
insert into user (userID, userTypeID, firstName, lastName, email, username, password, active) values (197, 3, 'Eva', 'Murt', 'emurt1a@posterous.com', 'emurt1a', 'YfOxUPcr3', 1);
insert into user (userID, userTypeID, firstName, lastName, email, username, password, active) values (198, 1, 'Ase', 'Batterham', 'abatterham1b@themeforest.net', 'abatterham1b', 'NNbuTJU', 1);
insert into user (userID, userTypeID, firstName, lastName, email, username, password, active) values (199, 3, 'Fae', 'Canland', 'fcanland1c@amazon.de', 'fcanland1c', '1A5HPo1iKNdm', 1);
insert into user (userID, userTypeID, firstName, lastName, email, username, password, active) values (200, 1, 'Kyrstin', 'McGarvie', 'kmcgarvie1d@umich.edu', 'kmcgarvie1d', 'xWGs1Cmo', 1);
insert into user (userID, userTypeID, firstName, lastName, email, username, password, active) values (201, 3, 'Guillermo', 'Scurrey', 'gscurrey1e@usda.gov', 'gscurrey1e', 'UN9mm7RgO10z', 1);
insert into user (userID, userTypeID, firstName, lastName, email, username, password, active) values (202, 1, 'Xaviera', 'Ormston', 'xormston1f@indiatimes.com', 'xormston1f', 'EvSe4NOGQ', 1);
insert into user (userID, userTypeID, firstName, lastName, email, username, password, active) values (203, 3, 'Karry', 'Ilyin', 'kilyin1g@typepad.com', 'kilyin1g', '4iYhpD3aL', 1);
insert into user (userID, userTypeID, firstName, lastName, email, username, password, active) values (204, 3, 'Dav', 'Larder', 'dlarder1h@naver.com', 'dlarder1h', '32uGAarW', 1);
insert into user (userID, userTypeID, firstName, lastName, email, username, password, active) values (205, 2, 'Bartholomeo', 'Torregiani', 'btorregiani1i@jigsy.com', 'btorregiani1i', 'opt8CxV9q', 1);
insert into user (userID, userTypeID, firstName, lastName, email, username, password, active) values (206, 1, 'Paige', 'Brookzie', 'pbrookzie1j@pcworld.com', 'pbrookzie1j', 'MFUa7cA5x', 1);
insert into user (userID, userTypeID, firstName, lastName, email, username, password, active) values (207, 3, 'Gayle', 'Alway', 'galway1k@drupal.org', 'galway1k', 'AgOrlDv', 1);

# START OF INACTIVE USERS
insert into user (userID, userTypeID, firstName, lastName, email, username, password, active) values (208, 3, 'Leshia', 'Miller', 'lmiller0@youku.com', 'lmiller0', 'XxerrULsU4RG', 0);
insert into user (userID, userTypeID, firstName, lastName, email, username, password, active) values (209, 1, 'Sydney', 'Geale', 'sgeale1@amazon.co.uk', 'sgeale1', 'Gps45XyjMVQT', 0);
insert into user (userID, userTypeID, firstName, lastName, email, username, password, active) values (210, 1, 'Francene', 'McGonigle', 'fmcgonigle2@devhub.com', 'fmcgonigle2', 'S9J2DajYXj', 0);
insert into user (userID, userTypeID, firstName, lastName, email, username, password, active) values (211, 2, 'Stafani', 'Meaders', 'smeaders3@oracle.com', 'smeaders3', 'CnHfm607ApuD', 0);
insert into user (userID, userTypeID, firstName, lastName, email, username, password, active) values (212, 2, 'Edouard', 'Linke', 'elinke4@tinyurl.com', 'elinke4', 'FBSid9cjx1', 0);
insert into user (userID, userTypeID, firstName, lastName, email, username, password, active) values (213, 3, 'Abram', 'Lundbech', 'alundbech5@sciencedirect.com', 'alundbech5', 'fR7bOH', 0);
insert into user (userID, userTypeID, firstName, lastName, email, username, password, active) values (214, 3, 'Giffy', 'Stansfield', 'gstansfield6@dedecms.com', 'gstansfield6', 'lKe3Lz5', 0);
insert into user (userID, userTypeID, firstName, lastName, email, username, password, active) values (215, 3, 'Damon', 'Panons', 'dpanons7@tiny.cc', 'dpanons7', 'uWPEXxj4L', 0);
insert into user (userID, userTypeID, firstName, lastName, email, username, password, active) values (216, 2, 'Christie', 'Fransson', 'cfransson8@bloglines.com', 'cfransson8', 'ybV3UQE', 0);
insert into user (userID, userTypeID, firstName, lastName, email, username, password, active) values (217, 2, 'Harcourt', 'Szimon', 'hszimon9@yahoo.co.jp', 'hszimon9', 'ZKWHd4', 0);
insert into user (userID, userTypeID, firstName, lastName, email, username, password, active) values (218, 1, 'Fabio', 'Wakefield', 'fwakefielda@edublogs.org', 'fwakefielda', '4DjmG2dKvIb', 0);
insert into user (userID, userTypeID, firstName, lastName, email, username, password, active) values (219, 1, 'Hailee', 'Mapledorum', 'hmapledorumb@cnet.com', 'hmapledorumb', 'sZlcxM', 0);
insert into user (userID, userTypeID, firstName, lastName, email, username, password, active) values (220, 1, 'Reeta', 'Gilsthorpe', 'rgilsthorpec@aol.com', 'rgilsthorpec', 'sFZT3oNf4', 0);
insert into user (userID, userTypeID, firstName, lastName, email, username, password, active) values (221, 2, 'Bonni', 'Fairman', 'bfairmand@disqus.com', 'bfairmand', 'IMXFNfZUl', 0);
insert into user (userID, userTypeID, firstName, lastName, email, username, password, active) values (222, 1, 'Ronica', 'Tremmil', 'rtremmile@paypal.com', 'rtremmile', '85LiXr6fcq', 0);
insert into user (userID, userTypeID, firstName, lastName, email, username, password, active) values (223, 1, 'Tiebout', 'Peeke', 'tpeekef@phpbb.com', 'tpeekef', 'DMGyH6es', 0);
insert into user (userID, userTypeID, firstName, lastName, email, username, password, active) values (224, 3, 'Verney', 'Ilyuchyov', 'vilyuchyovg@163.com', 'vilyuchyovg', 'de1FvRAn', 0);
insert into user (userID, userTypeID, firstName, lastName, email, username, password, active) values (225, 3, 'Lindon', 'Boman', 'lbomanh@unblog.fr', 'lbomanh', 'bA55guv3ZC', 0);
insert into user (userID, userTypeID, firstName, lastName, email, username, password, active) values (226, 2, 'Lanae', 'Valdes', 'lvaldesi@hao123.com', 'lvaldesi', 'mHUKHLPe7', 0);
insert into user (userID, userTypeID, firstName, lastName, email, username, password, active) values (227, 3, 'Molly', 'Cauderlie', 'mcauderliej@ftc.gov', 'mcauderliej', '1ICDVPfu6L', 0);
insert into user (userID, userTypeID, firstName, lastName, email, username, password, active) values (228, 3, 'Celine', 'Dracey', 'cdraceyk@businessinsider.com', 'cdraceyk', 'DTeAd6w2CjP', 0);
insert into user (userID, userTypeID, firstName, lastName, email, username, password, active) values (229, 3, 'Frannie', 'Girt', 'fgirtl@chicagotribune.com', 'fgirtl', 'Fbm7aUz', 0);
insert into user (userID, userTypeID, firstName, lastName, email, username, password, active) values (230, 1, 'Esmaria', 'Mulderrig', 'emulderrigm@hhs.gov', 'emulderrigm', 'UO4r1t7YGjlN', 0);
insert into user (userID, userTypeID, firstName, lastName, email, username, password, active) values (231, 1, 'Adrien', 'Chastelain', 'achastelainn@marriott.com', 'achastelainn', '8GGHYsdfHk', 0);
insert into user (userID, userTypeID, firstName, lastName, email, username, password, active) values (232, 1, 'Benjamin', 'Marioneau', 'bmarioneauo@nih.gov', 'bmarioneauo', 'b1Y2W8', 0);
insert into user (userID, userTypeID, firstName, lastName, email, username, password, active) values (233, 3, 'Hamil', 'Gettins', 'hgettinsp@devhub.com', 'hgettinsp', '7Wch8fuxqF', 0);
insert into user (userID, userTypeID, firstName, lastName, email, username, password, active) values (234, 2, 'Whitaker', 'Hansmann', 'whansmannq@ocn.ne.jp', 'whansmannq', 'uWyl4OB', 0);
insert into user (userID, userTypeID, firstName, lastName, email, username, password, active) values (235, 2, 'Norby', 'Abbay', 'nabbayr@arstechnica.com', 'nabbayr', 'v2WmyRn1UpLQ', 0);
insert into user (userID, userTypeID, firstName, lastName, email, username, password, active) values (236, 2, 'Pattie', 'Drust', 'pdrusts@meetup.com', 'pdrusts', 'il64XzF', 0);
insert into user (userID, userTypeID, firstName, lastName, email, username, password, active) values (237, 3, 'Teodoor', 'McCracken', 'tmccrackent@archive.org', 'tmccrackent', 'Y8LtmVg', 0);
# END OF INACTIVE USERS
insert into user (userID, userTypeID, firstName, lastName, email, username, password, active) values (238, 1, 'Warren', 'Kestian', 'wkestian0@harvard.edu', 'wkestian0', 'xKt8hbj15', 1);
insert into user (userID, userTypeID, firstName, lastName, email, username, password, active) values (239, 3, 'Natalya', 'Dunniom', 'ndunniom1@biglobe.ne.jp', 'ndunniom1', 'juty9XEol', 1);
insert into user (userID, userTypeID, firstName, lastName, email, username, password, active) values (240, 3, 'Bryce', 'Bim', 'bbim2@github.com', 'bbim2', 'C8sDbTJfUtzi', 1);
insert into user (userID, userTypeID, firstName, lastName, email, username, password, active) values (241, 2, 'Galven', 'June', 'gjune3@ow.ly', 'gjune3', 'dRVdK2s', 1);
insert into user (userID, userTypeID, firstName, lastName, email, username, password, active) values (242, 1, 'Abigail', 'Vaudrey', 'avaudrey4@weather.com', 'avaudrey4', 'MQNFaSyB1', 1);
insert into user (userID, userTypeID, firstName, lastName, email, username, password, active) values (243, 3, 'Delainey', 'Cawsby', 'dcawsby5@youtu.be', 'dcawsby5', 'Fjh7pgWd2sVa', 1);
insert into user (userID, userTypeID, firstName, lastName, email, username, password, active) values (244, 1, 'Farris', 'Ariss', 'fariss6@ucoz.ru', 'fariss6', 'J7zcGe0sZFo4', 1);
insert into user (userID, userTypeID, firstName, lastName, email, username, password, active) values (245, 2, 'Brnaba', 'Sherrard', 'bsherrard7@un.org', 'bsherrard7', 'AquXkw', 1);
insert into user (userID, userTypeID, firstName, lastName, email, username, password, active) values (246, 1, 'Carroll', 'Karys', 'ckarys8@amazon.co.uk', 'ckarys8', 'BoD2ov', 1);
insert into user (userID, userTypeID, firstName, lastName, email, username, password, active) values (247, 1, 'Annmaria', 'Rugiero', 'arugiero9@mlb.com', 'arugiero9', 'ZnuhNZWV2G3A', 1);
insert into user (userID, userTypeID, firstName, lastName, email, username, password, active) values (248, 1, 'Cornell', 'Jopke', 'cjopkea@biglobe.ne.jp', 'cjopkea', 'c1UEKWotesd', 1);
insert into user (userID, userTypeID, firstName, lastName, email, username, password, active) values (249, 1, 'Christal', 'Fahy', 'cfahyb@slate.com', 'cfahyb', 'ZIJLsr', 1);
insert into user (userID, userTypeID, firstName, lastName, email, username, password, active) values (250, 3, 'Andrea', 'Kasbye', 'akasbyec@home.pl', 'akasbyec', 'F3BWeKTUor', 1);
insert into user (userID, userTypeID, firstName, lastName, email, username, password, active) values (251, 1, 'Chris', 'Learman', 'clearmand@hc360.com', 'clearmand', 'cRsqLTl', 1);
insert into user (userID, userTypeID, firstName, lastName, email, username, password, active) values (252, 1, 'Urbanus', 'Douthwaite', 'udouthwaitee@prlog.org', 'udouthwaitee', 'LiFQYsr8deG', 1);
insert into user (userID, userTypeID, firstName, lastName, email, username, password, active) values (253, 3, 'Andree', 'Rhucroft', 'arhucroftf@businessweek.com', 'arhucroftf', 'MvqOy6ob', 1);
insert into user (userID, userTypeID, firstName, lastName, email, username, password, active) values (254, 3, 'Abel', 'Milius', 'amiliusg@networksolutions.com', 'amiliusg', '8G7wQ0rBT', 1);
insert into user (userID, userTypeID, firstName, lastName, email, username, password, active) values (255, 2, 'Jo-ann', 'Cowill', 'jcowillh@ox.ac.uk', 'jcowillh', 'ZuHxiVEhw', 1);
insert into user (userID, userTypeID, firstName, lastName, email, username, password, active) values (256, 1, 'Wakefield', 'Stanbridge', 'wstanbridgei@wisc.edu', 'wstanbridgei', 'CULizHCB', 1);
insert into user (userID, userTypeID, firstName, lastName, email, username, password, active) values (257, 2, 'Ravid', 'Durdle', 'rdurdlej@hao123.com', 'rdurdlej', 'CZ2QGwK', 1);
insert into user (userID, userTypeID, firstName, lastName, email, username, password, active) values (258, 3, 'Elfrieda', 'Lawtey', 'elawteyk@zimbio.com', 'elawteyk', 'udKNxFEAQzcA', 1);
insert into user (userID, userTypeID, firstName, lastName, email, username, password, active) values (259, 3, 'Peyter', 'Parke', 'pparkel@wordpress.org', 'pparkel', 'Sx3yvC2', 1);
insert into user (userID, userTypeID, firstName, lastName, email, username, password, active) values (260, 3, 'Washington', 'Polet', 'wpoletm@sitemeter.com', 'wpoletm', 'tIkBWyXejdo', 1);
insert into user (userID, userTypeID, firstName, lastName, email, username, password, active) values (261, 2, 'Michele', 'Holcroft', 'mholcroftn@etsy.com', 'mholcroftn', 'Dlf6RSoKoaS', 1);
insert into user (userID, userTypeID, firstName, lastName, email, username, password, active) values (262, 2, 'Timmi', 'Wakeham', 'twakehamo@tripadvisor.com', 'twakehamo', 'XiBYiFb', 1);
insert into user (userID, userTypeID, firstName, lastName, email, username, password, active) values (263, 2, 'Newton', 'Dermott', 'ndermottp@abc.net.au', 'ndermottp', 'z7KzWDCU', 1);
insert into user (userID, userTypeID, firstName, lastName, email, username, password, active) values (264, 1, 'Sheila-kathryn', 'Adamoli', 'sadamoliq@cnet.com', 'sadamoliq', 'sjMlQ8mVDF', 1);
insert into user (userID, userTypeID, firstName, lastName, email, username, password, active) values (265, 2, 'Hazlett', 'Della Scala', 'hdellascalar@ucsd.edu', 'hdellascalar', 'izY2Z19q', 1);
insert into user (userID, userTypeID, firstName, lastName, email, username, password, active) values (266, 3, 'Hillary', 'Garbett', 'hgarbetts@soundcloud.com', 'hgarbetts', 'd4NqaHSz', 1);
insert into user (userID, userTypeID, firstName, lastName, email, username, password, active) values (267, 1, 'Rolph', 'Walduck', 'rwalduckt@jiathis.com', 'rwalduckt', '76Lw3kjLVvs', 1);
insert into user (userID, userTypeID, firstName, lastName, email, username, password, active) values (268, 2, 'Bonnee', 'Oliveras', 'boliverasu@weibo.com', 'boliverasu', '1yGMWPtyGl', 1);
insert into user (userID, userTypeID, firstName, lastName, email, username, password, active) values (269, 3, 'Roi', 'Easum', 'reasumv@ebay.com', 'reasumv', 'N8sntlTYbtc', 1);
insert into user (userID, userTypeID, firstName, lastName, email, username, password, active) values (270, 2, 'Con', 'Drees', 'cdreesw@topsy.com', 'cdreesw', 'CurAw5', 1);
insert into user (userID, userTypeID, firstName, lastName, email, username, password, active) values (271, 2, 'Hyacinthie', 'Whiskin', 'hwhiskinx@seesaa.net', 'hwhiskinx', '3RiPfFx', 1);
insert into user (userID, userTypeID, firstName, lastName, email, username, password, active) values (272, 1, 'Bjorn', 'Gosling', 'bgoslingy@typepad.com', 'bgoslingy', 'OFqfzhWM3mbp', 1);
insert into user (userID, userTypeID, firstName, lastName, email, username, password, active) values (273, 2, 'Darsey', 'Grayshan', 'dgrayshanz@t.co', 'dgrayshanz', 'ks9UG9977qC', 1);
insert into user (userID, userTypeID, firstName, lastName, email, username, password, active) values (274, 1, 'Cameron', 'Woffinden', 'cwoffinden10@youtu.be', 'cwoffinden10', '12IQXK7', 1);
insert into user (userID, userTypeID, firstName, lastName, email, username, password, active) values (275, 2, 'Felicia', 'Varren', 'fvarren11@imdb.com', 'fvarren11', 'EOIpUlf', 1);
insert into user (userID, userTypeID, firstName, lastName, email, username, password, active) values (276, 1, 'Coop', 'Croan', 'ccroan12@google.co.uk', 'ccroan12', 'W0l9GkLHxobf', 1);
insert into user (userID, userTypeID, firstName, lastName, email, username, password, active) values (277, 1, 'Dyane', 'Eirwin', 'deirwin13@de.vu', 'deirwin13', 'pbs7evVa', 1);
insert into user (userID, userTypeID, firstName, lastName, email, username, password, active) values (278, 1, 'Atalanta', 'Roft', 'aroft14@dropbox.com', 'aroft14', '0jSy87IQy', 1);
insert into user (userID, userTypeID, firstName, lastName, email, username, password, active) values (279, 3, 'Leonerd', 'Lammerding', 'llammerding15@cornell.edu', 'llammerding15', '5VjeOrmeVT8t', 1);
insert into user (userID, userTypeID, firstName, lastName, email, username, password, active) values (280, 3, 'Pen', 'Haydock', 'phaydock16@noaa.gov', 'phaydock16', 'lBOndJrW', 1);
insert into user (userID, userTypeID, firstName, lastName, email, username, password, active) values (281, 3, 'Carr', 'Esselin', 'cesselin17@xrea.com', 'cesselin17', 'xMO9MDXCU', 1);
insert into user (userID, userTypeID, firstName, lastName, email, username, password, active) values (282, 2, 'Ellswerth', 'Cotes', 'ecotes18@abc.net.au', 'ecotes18', 'OYnsgU3cRD', 1);
insert into user (userID, userTypeID, firstName, lastName, email, username, password, active) values (283, 1, 'Costanza', 'Joscelyn', 'cjoscelyn19@ucla.edu', 'cjoscelyn19', 'f6y2PjUOzd2', 1);
insert into user (userID, userTypeID, firstName, lastName, email, username, password, active) values (284, 1, 'Lindsey', 'Ivashin', 'livashin1a@xing.com', 'livashin1a', '48SAhXUz', 1);
insert into user (userID, userTypeID, firstName, lastName, email, username, password, active) values (285, 1, 'Aluin', 'Ninnoli', 'aninnoli1b@jiathis.com', 'aninnoli1b', '4DqzCrU', 1);
insert into user (userID, userTypeID, firstName, lastName, email, username, password, active) values (286, 3, 'Cicily', 'Knifton', 'cknifton1c@tripadvisor.com', 'cknifton1c', 'V2G07cfUqW', 1);
insert into user (userID, userTypeID, firstName, lastName, email, username, password, active) values (287, 3, 'Gram', 'Jiracek', 'gjiracek1d@economist.com', 'gjiracek1d', 'vC2E6U1DW', 1);
insert into user (userID, userTypeID, firstName, lastName, email, username, password, active) values (288, 2, 'Arlin', 'Dixon', 'adixon1e@slideshare.net', 'adixon1e', 'rOkRFks', 1);
insert into user (userID, userTypeID, firstName, lastName, email, username, password, active) values (289, 3, 'Halli', 'Zammett', 'hzammett1f@discuz.net', 'hzammett1f', 'AaMsmXdOjJ7E', 1);
insert into user (userID, userTypeID, firstName, lastName, email, username, password, active) values (290, 1, 'Joyous', 'Cullnean', 'jcullnean1g@ocn.ne.jp', 'jcullnean1g', 'DAdHFbrI', 1);
insert into user (userID, userTypeID, firstName, lastName, email, username, password, active) values (291, 2, 'Drucy', 'Cadalleder', 'dcadalleder1h@nature.com', 'dcadalleder1h', 'QlJdGG54f', 1);
insert into user (userID, userTypeID, firstName, lastName, email, username, password, active) values (292, 1, 'Chandra', 'Hammell', 'chammell1i@opensource.org', 'chammell1i', 'rcmNkp89vWr', 1);
insert into user (userID, userTypeID, firstName, lastName, email, username, password, active) values (293, 2, 'Colette', 'Esposita', 'cesposita1j@redcross.org', 'cesposita1j', 'dQ6eJ69dGV', 1);
insert into user (userID, userTypeID, firstName, lastName, email, username, password, active) values (294, 2, 'Oswell', 'Ashfield', 'oashfield1k@phpbb.com', 'oashfield1k', 'NuLqew', 1);
insert into user (userID, userTypeID, firstName, lastName, email, username, password, active) values (295, 2, 'Elfrida', 'Cassels', 'ecassels1l@statcounter.com', 'ecassels1l', '74DcZCsf2l', 1);
insert into user (userID, userTypeID, firstName, lastName, email, username, password, active) values (296, 3, 'Eugine', 'Breagan', 'ebreagan1m@yahoo.com', 'ebreagan1m', 'ybZGEa', 1);
insert into user (userID, userTypeID, firstName, lastName, email, username, password, active) values (297, 1, 'Simone', 'Fairy', 'sfairy1n@ft.com', 'sfairy1n', 'hTkAwj1', 1);
insert into user (userID, userTypeID, firstName, lastName, email, username, password, active) values (298, 1, 'Rorke', 'Deighton', 'rdeighton1o@archive.org', 'rdeighton1o', 'Imi3luBQ5', 1);
insert into user (userID, userTypeID, firstName, lastName, email, username, password, active) values (299, 2, 'Clemence', 'Dunnett', 'cdunnett1p@theguardian.com', 'cdunnett1p', 'kTeT82Xn', 1);
insert into user (userID, userTypeID, firstName, lastName, email, username, password, active) values (300, 1, 'Kirsten', 'Sketchley', 'ksketchley1q@simplemachines.org', 'ksketchley1q', 'iW73Op', 1);
insert into user (userID, userTypeID, firstName, lastName, email, username, password, active) values (301, 1, 'Gabriel', 'Mothersdale', 'gmothersdale1r@mtv.com', 'gmothersdale1r', 'qJDW1QmWI', 1);
insert into user (userID, userTypeID, firstName, lastName, email, username, password, active) values (302, 1, 'Aldin', 'Izen', 'aizen1s@usa.gov', 'aizen1s', 'fe7Po42QAS', 1);
insert into user (userID, userTypeID, firstName, lastName, email, username, password, active) values (303, 3, 'Hanan', 'Orrett', 'horrett1t@com.com', 'horrett1t', 'GFctqRIy', 1);
insert into user (userID, userTypeID, firstName, lastName, email, username, password, active) values (304, 3, 'Teena', 'Weatherhill', 'tweatherhill1u@ed.gov', 'tweatherhill1u', 'jAvDM0mky', 1);
insert into user (userID, userTypeID, firstName, lastName, email, username, password, active) values (305, 3, 'Jason', 'Mantione', 'jmantione1v@imageshack.us', 'jmantione1v', 'TWEcyXJ', 1);
insert into user (userID, userTypeID, firstName, lastName, email, username, password, active) values (306, 2, 'Alfi', 'Klus', 'aklus1w@rambler.ru', 'aklus1w', 'smhRhxk0TXOo', 1);
insert into user (userID, userTypeID, firstName, lastName, email, username, password, active) values (307, 1, 'Jacinta', 'Siley', 'jsiley1x@samsung.com', 'jsiley1x', 'WS5Lx2UmzRQ4', 1);
insert into user (userID, userTypeID, firstName, lastName, email, username, password, active) values (308, 2, 'Ulises', 'Currom', 'ucurrom1y@nationalgeographic.com', 'ucurrom1y', 'xjuEVnJ', 1);
insert into user (userID, userTypeID, firstName, lastName, email, username, password, active) values (309, 1, 'Wally', 'Ravenshear', 'wravenshear1z@uol.com.br', 'wravenshear1z', 'oFLigIkGF8VU', 1);
insert into user (userID, userTypeID, firstName, lastName, email, username, password, active) values (310, 3, 'Timoteo', 'Thewles', 'tthewles20@ft.com', 'tthewles20', 'Ed2VYI', 1);
insert into user (userID, userTypeID, firstName, lastName, email, username, password, active) values (311, 3, 'Kirbee', 'Klos', 'kklos21@ebay.co.uk', 'kklos21', 'Hfv67Kc14O9', 1);
insert into user (userID, userTypeID, firstName, lastName, email, username, password, active) values (312, 3, 'Molly', 'McKean', 'mmckean22@ycombinator.com', 'mmckean22', 'X9chJFKy2', 1);
insert into user (userID, userTypeID, firstName, lastName, email, username, password, active) values (313, 2, 'Tomaso', 'Bazelle', 'tbazelle23@paginegialle.it', 'tbazelle23', 'yLjL26grENpk', 1);
insert into user (userID, userTypeID, firstName, lastName, email, username, password, active) values (314, 2, 'Moses', 'Everex', 'meverex24@reverbnation.com', 'meverex24', 'GsWSG3', 1);
insert into user (userID, userTypeID, firstName, lastName, email, username, password, active) values (315, 2, 'Lindsey', 'Dilon', 'ldilon25@tinyurl.com', 'ldilon25', 'fJgPZ8lPV', 1);
insert into user (userID, userTypeID, firstName, lastName, email, username, password, active) values (316, 1, 'Sara-ann', 'Kynton', 'skynton26@blog.com', 'skynton26', 'Yr8mPcYZ1', 1);
insert into user (userID, userTypeID, firstName, lastName, email, username, password, active) values (317, 2, 'Lev', 'Garlinge', 'lgarlinge27@sina.com.cn', 'lgarlinge27', 'fEtlMj0wyA', 1);
insert into user (userID, userTypeID, firstName, lastName, email, username, password, active) values (318, 3, 'Leelah', 'Cleveley', 'lcleveley28@lulu.com', 'lcleveley28', 'LMZC14VYn', 1);
insert into user (userID, userTypeID, firstName, lastName, email, username, password, active) values (319, 2, 'Justen', 'Dufoure', 'jdufoure29@spotify.com', 'jdufoure29', 'Wu58nTFZ', 1);
insert into user (userID, userTypeID, firstName, lastName, email, username, password, active) values (320, 1, 'Simeon', 'Heineking', 'sheineking2a@skype.com', 'sheineking2a', 'JpoFC2V48JK', 1);
insert into user (userID, userTypeID, firstName, lastName, email, username, password, active) values (321, 1, 'Beltran', 'Labone', 'blabone2b@altervista.org', 'blabone2b', 'cTIOK9Yj2DX', 1);
insert into user (userID, userTypeID, firstName, lastName, email, username, password, active) values (322, 2, 'Dorry', 'Gocher', 'dgocher2c@alibaba.com', 'dgocher2c', 'gupBpQ6Zw', 1);
insert into user (userID, userTypeID, firstName, lastName, email, username, password, active) values (323, 1, 'Ignacius', 'Duffield', 'iduffield2d@slashdot.org', 'iduffield2d', 'CFhTcA6N', 1);
insert into user (userID, userTypeID, firstName, lastName, email, username, password, active) values (324, 3, 'Wylma', 'Mertgen', 'wmertgen2e@theglobeandmail.com', 'wmertgen2e', 'HUvQbirdqi3i', 1);
insert into user (userID, userTypeID, firstName, lastName, email, username, password, active) values (325, 2, 'Tadd', 'Janus', 'tjanus2f@over-blog.com', 'tjanus2f', 'R6zOYYPVfx', 1);
insert into user (userID, userTypeID, firstName, lastName, email, username, password, active) values (326, 2, 'Sargent', 'Gregory', 'sgregory2g@people.com.cn', 'sgregory2g', 'dIQzH43DtbwQ', 1);
insert into user (userID, userTypeID, firstName, lastName, email, username, password, active) values (327, 3, 'Gavin', 'Chastan', 'gchastan2h@wisc.edu', 'gchastan2h', 'wFVD0BsP2O', 1);
insert into user (userID, userTypeID, firstName, lastName, email, username, password, active) values (328, 2, 'Obediah', 'Legges', 'olegges2i@mail.ru', 'olegges2i', 'U4t2MviUw5', 1);
insert into user (userID, userTypeID, firstName, lastName, email, username, password, active) values (329, 1, 'Helli', 'Dalglish', 'hdalglish2j@mapy.cz', 'hdalglish2j', 'FGhY1OgoH', 1);
insert into user (userID, userTypeID, firstName, lastName, email, username, password, active) values (330, 1, 'Jeanne', 'Wreakes', 'jwreakes2k@buzzfeed.com', 'jwreakes2k', 'swWdzuxUj5Q', 1);
insert into user (userID, userTypeID, firstName, lastName, email, username, password, active) values (331, 3, 'Corabel', 'Smithyman', 'csmithyman2l@ed.gov', 'csmithyman2l', 'lOi81h', 1);
insert into user (userID, userTypeID, firstName, lastName, email, username, password, active) values (332, 3, 'Kylie', 'De Leek', 'kdeleek2m@ycombinator.com', 'kdeleek2m', 'F5CtVY', 1);
insert into user (userID, userTypeID, firstName, lastName, email, username, password, active) values (333, 3, 'Ulla', 'Battie', 'ubattie2n@discovery.com', 'ubattie2n', '9TIKhek', 1);
insert into user (userID, userTypeID, firstName, lastName, email, username, password, active) values (334, 2, 'Myranda', 'Gatherell', 'mgatherell2o@irs.gov', 'mgatherell2o', 'jtkM8h', 1);
insert into user (userID, userTypeID, firstName, lastName, email, username, password, active) values (335, 3, 'Robinson', 'Wesson', 'rwesson2p@g.co', 'rwesson2p', 'RzX618', 1);
insert into user (userID, userTypeID, firstName, lastName, email, username, password, active) values (336, 1, 'Bax', 'Orkney', 'borkney2q@hao123.com', 'borkney2q', 'YcBTSszm', 1);
insert into user (userID, userTypeID, firstName, lastName, email, username, password, active) values (337, 1, 'Raven', 'Morrad', 'rmorrad2r@homestead.com', 'rmorrad2r', 'FTyWGfg', 1);
insert into user (userID, userTypeID, firstName, lastName, email, username, password, active) values (338, 1, 'Dougy', 'Goodere', 'dgoodere2s@cocolog-nifty.com', 'dgoodere2s', 'Bc9IRbVXp', 1);
insert into user (userID, userTypeID, firstName, lastName, email, username, password, active) values (339, 1, 'Janis', 'Casier', 'jcasier2t@time.com', 'jcasier2t', '9dW8zxld3U', 1);
insert into user (userID, userTypeID, firstName, lastName, email, username, password, active) values (340, 1, 'Marlane', 'Cheetham', 'mcheetham2u@usda.gov', 'mcheetham2u', 'OOxo8Aq', 1);
insert into user (userID, userTypeID, firstName, lastName, email, username, password, active) values (341, 2, 'Hieronymus', 'Bikker', 'hbikker2v@npr.org', 'hbikker2v', 'KrPi9Awd1r', 1);
insert into user (userID, userTypeID, firstName, lastName, email, username, password, active) values (342, 2, 'Jorie', 'Shackleford', 'jshackleford2w@qq.com', 'jshackleford2w', 'uBaetMxNiAN', 1);
insert into user (userID, userTypeID, firstName, lastName, email, username, password, active) values (343, 3, 'Viviana', 'Bonwick', 'vbonwick2x@comcast.net', 'vbonwick2x', '8X0ndwYKSiw', 1);
insert into user (userID, userTypeID, firstName, lastName, email, username, password, active) values (344, 1, 'Robena', 'Corish', 'rcorish2y@php.net', 'rcorish2y', 'OgReXPGs', 1);
insert into user (userID, userTypeID, firstName, lastName, email, username, password, active) values (345, 2, 'Jermain', 'Hulson', 'jhulson2z@livejournal.com', 'jhulson2z', 'xBGp70', 1);
insert into user (userID, userTypeID, firstName, lastName, email, username, password, active) values (346, 2, 'Cordy', 'Talks', 'ctalks30@facebook.com', 'ctalks30', 'skktKR25yNS', 1);
insert into user (userID, userTypeID, firstName, lastName, email, username, password, active) values (347, 2, 'Borg', 'Earry', 'bearry31@hostgator.com', 'bearry31', 'U9Qu1EMZScAX', 1);
insert into user (userID, userTypeID, firstName, lastName, email, username, password, active) values (348, 1, 'Gris', 'Bahl', 'gbahl32@nymag.com', 'gbahl32', 'q9YR075FD', 1);
insert into user (userID, userTypeID, firstName, lastName, email, username, password, active) values (349, 2, 'Berky', 'Dowse', 'bdowse33@comcast.net', 'bdowse33', '68l96JVSxiG', 1);
insert into user (userID, userTypeID, firstName, lastName, email, username, password, active) values (350, 3, 'Odele', 'Hardbattle', 'ohardbattle34@techcrunch.com', 'ohardbattle34', 'vc6lUGAU8', 1);
insert into user (userID, userTypeID, firstName, lastName, email, username, password, active) values (351, 1, 'Lauretta', 'Petschelt', 'lpetschelt35@etsy.com', 'lpetschelt35', 'aseW3t', 1);
insert into user (userID, userTypeID, firstName, lastName, email, username, password, active) values (352, 1, 'Kean', 'Quilliam', 'kquilliam36@alibaba.com', 'kquilliam36', 'pEPWoxrT9erP', 1);
insert into user (userID, userTypeID, firstName, lastName, email, username, password, active) values (353, 3, 'Cele', 'Geldeford', 'cgeldeford37@oaic.gov.au', 'cgeldeford37', '2gujFP', 1);
insert into user (userID, userTypeID, firstName, lastName, email, username, password, active) values (354, 1, 'Doralynne', 'Hamlett', 'dhamlett38@edublogs.org', 'dhamlett38', 'bTGCwtoBK', 1);
insert into user (userID, userTypeID, firstName, lastName, email, username, password, active) values (355, 2, 'Den', 'Telega', 'dtelega39@symantec.com', 'dtelega39', 'HOjhs2TxhO', 1);
insert into user (userID, userTypeID, firstName, lastName, email, username, password, active) values (356, 1, 'Maddie', 'Lusher', 'mlusher3a@hatena.ne.jp', 'mlusher3a', 'e3dVq9w8iEXN', 1);
insert into user (userID, userTypeID, firstName, lastName, email, username, password, active) values (357, 3, 'Hillary', 'Simkin', 'hsimkin3b@feedburner.com', 'hsimkin3b', 'KW9exrg6Rg6', 1);
insert into user (userID, userTypeID, firstName, lastName, email, username, password, active) values (358, 2, 'Sergent', 'Rixon', 'srixon3c@flickr.com', 'srixon3c', 'MufGjc', 1);
insert into user (userID, userTypeID, firstName, lastName, email, username, password, active) values (359, 2, 'Stormy', 'Elijahu', 'selijahu3d@ted.com', 'selijahu3d', 'ZCQ1kInJtiP3', 1);
insert into user (userID, userTypeID, firstName, lastName, email, username, password, active) values (360, 3, 'Niel', 'Riddlesden', 'nriddlesden3e@360.cn', 'nriddlesden3e', 'uXm6F1o', 1);
insert into user (userID, userTypeID, firstName, lastName, email, username, password, active) values (361, 3, 'Laurie', 'Railton', 'lrailton3f@seesaa.net', 'lrailton3f', 'h0phgd7Ozi', 1);
insert into user (userID, userTypeID, firstName, lastName, email, username, password, active) values (362, 3, 'Rose', 'Quittonden', 'rquittonden3g@loc.gov', 'rquittonden3g', 'JBsNdIAR', 1);
insert into user (userID, userTypeID, firstName, lastName, email, username, password, active) values (363, 2, 'Billy', 'Piccop', 'bpiccop3h@adobe.com', 'bpiccop3h', 'Z0WEhg8Qg9', 1);
insert into user (userID, userTypeID, firstName, lastName, email, username, password, active) values (364, 2, 'Vernen', 'Soitoux', 'vsoitoux3i@netlog.com', 'vsoitoux3i', 'AA6nH42Zz', 1);
insert into user (userID, userTypeID, firstName, lastName, email, username, password, active) values (365, 3, 'Chad', 'Carreyette', 'ccarreyette3j@nydailynews.com', 'ccarreyette3j', 'hB3PfnCY', 1);
insert into user (userID, userTypeID, firstName, lastName, email, username, password, active) values (366, 2, 'Sonja', 'Prujean', 'sprujean3k@facebook.com', 'sprujean3k', '2wLJSeIILc', 1);
insert into user (userID, userTypeID, firstName, lastName, email, username, password, active) values (367, 2, 'Gretna', 'Carleman', 'gcarleman3l@scribd.com', 'gcarleman3l', 'U1HyWCp', 1);
insert into user (userID, userTypeID, firstName, lastName, email, username, password, active) values (368, 1, 'Madel', 'Hurdwell', 'mhurdwell3m@purevolume.com', 'mhurdwell3m', 'bX9lmi', 1);
insert into user (userID, userTypeID, firstName, lastName, email, username, password, active) values (369, 1, 'Dorella', 'Craythorn', 'dcraythorn3n@mit.edu', 'dcraythorn3n', 'ZOCATIGS3', 1);
insert into user (userID, userTypeID, firstName, lastName, email, username, password, active) values (370, 3, 'Kaitlin', 'Heathfield', 'kheathfield3o@independent.co.uk', 'kheathfield3o', 'Wug2UhLmyBmU', 1);
insert into user (userID, userTypeID, firstName, lastName, email, username, password, active) values (371, 2, 'Garey', 'Trayhorn', 'gtrayhorn3p@unblog.fr', 'gtrayhorn3p', 'OeDCOD', 1);
insert into user (userID, userTypeID, firstName, lastName, email, username, password, active) values (372, 1, 'Ruth', 'Andriesse', 'randriesse3q@abc.net.au', 'randriesse3q', 'DEUQf9GzluT', 1);
insert into user (userID, userTypeID, firstName, lastName, email, username, password, active) values (373, 1, 'Jenna', 'O''Sheilds', 'josheilds3r@cdc.gov', 'josheilds3r', '1IssQPPW6qp', 1);
insert into user (userID, userTypeID, firstName, lastName, email, username, password, active) values (374, 1, 'Myrtice', 'Haysham', 'mhaysham3s@purevolume.com', 'mhaysham3s', 'NTHQM2oc', 1);
insert into user (userID, userTypeID, firstName, lastName, email, username, password, active) values (375, 3, 'Delly', 'Regglar', 'dregglar3t@ezinearticles.com', 'dregglar3t', 'zOabeuK', 1);
insert into user (userID, userTypeID, firstName, lastName, email, username, password, active) values (376, 2, 'Zahara', 'Arondel', 'zarondel3u@instagram.com', 'zarondel3u', 'Pl51k6LSI', 1);
insert into user (userID, userTypeID, firstName, lastName, email, username, password, active) values (377, 1, 'Bennett', 'Clyant', 'bclyant3v@woothemes.com', 'bclyant3v', 'v6zHZM0y2gUJ', 1);
insert into user (userID, userTypeID, firstName, lastName, email, username, password, active) values (378, 3, 'Clyve', 'Jeacock', 'cjeacock3w@mtv.com', 'cjeacock3w', 'pX3iAzwL2Tfh', 1);
insert into user (userID, userTypeID, firstName, lastName, email, username, password, active) values (379, 3, 'Fredelia', 'Tweede', 'ftweede3x@instagram.com', 'ftweede3x', 'xzwnlNQ4DGl', 1);
insert into user (userID, userTypeID, firstName, lastName, email, username, password, active) values (380, 3, 'Letti', 'Farrar', 'lfarrar3y@google.it', 'lfarrar3y', 'wPGlwIL', 1);
insert into user (userID, userTypeID, firstName, lastName, email, username, password, active) values (381, 2, 'Beau', 'Stanman', 'bstanman3z@utexas.edu', 'bstanman3z', 'DFf7VQRCpUdL', 1);
insert into user (userID, userTypeID, firstName, lastName, email, username, password, active) values (382, 1, 'Myranda', 'Gottelier', 'mgottelier40@typepad.com', 'mgottelier40', 'pH4XQD', 1);
insert into user (userID, userTypeID, firstName, lastName, email, username, password, active) values (383, 1, 'Ambrose', 'Bathersby', 'abathersby41@jimdo.com', 'abathersby41', 'ZAc36LAxpGW', 1);
insert into user (userID, userTypeID, firstName, lastName, email, username, password, active) values (384, 1, 'Renaldo', 'Marian', 'rmarian42@foxnews.com', 'rmarian42', '8VMIrSkFjOjW', 1);
insert into user (userID, userTypeID, firstName, lastName, email, username, password, active) values (385, 3, 'Armin', 'Ebben', 'aebben43@yahoo.com', 'aebben43', 'dn5kRMytz', 1);
insert into user (userID, userTypeID, firstName, lastName, email, username, password, active) values (386, 1, 'Graham', 'Hawkin', 'ghawkin44@flickr.com', 'ghawkin44', 'FrbCuC4y7', 1);
insert into user (userID, userTypeID, firstName, lastName, email, username, password, active) values (387, 2, 'Merrill', 'Asker', 'masker45@live.com', 'masker45', 'nLE5PnHuNf', 1);
insert into user (userID, userTypeID, firstName, lastName, email, username, password, active) values (388, 1, 'Whittaker', 'Gallager', 'wgallager0@hostgator.com', 'wgallager0', '5BhJbZMIm8', 1);
insert into user (userID, userTypeID, firstName, lastName, email, username, password, active) values (389, 2, 'Dinny', 'Grasner', 'dgrasner1@free.fr', 'dgrasner1', '4K5fSo', 1);
insert into user (userID, userTypeID, firstName, lastName, email, username, password, active) values (390, 3, 'Clementine', 'Bigmore', 'cbigmore2@skyrock.com', 'cbigmore2', 'ipcsyCSIATUn', 1);
insert into user (userID, userTypeID, firstName, lastName, email, username, password, active) values (391, 2, 'Britte', 'Binch', 'bbinch3@theguardian.com', 'bbinch3', 'dP311e3nUsm', 1);
insert into user (userID, userTypeID, firstName, lastName, email, username, password, active) values (392, 2, 'Paul', 'Piddington', 'ppiddington4@sphinn.com', 'ppiddington4', 'qNrZFpinPpCO', 1);
insert into user (userID, userTypeID, firstName, lastName, email, username, password, active) values (393, 3, 'Rori', 'Ovanesian', 'rovanesian5@last.fm', 'rovanesian5', 'T332CIBzXu', 1);
insert into user (userID, userTypeID, firstName, lastName, email, username, password, active) values (394, 1, 'Jeanne', 'Dronsfield', 'jdronsfield6@ihg.com', 'jdronsfield6', 'Ibxh4B', 1);
insert into user (userID, userTypeID, firstName, lastName, email, username, password, active) values (395, 1, 'Steven', 'Lusher', 'slusher7@alexa.com', 'slusher7', 'v4leDj', 1);
insert into user (userID, userTypeID, firstName, lastName, email, username, password, active) values (396, 1, 'Roy', 'MacAiline', 'rmacailine8@ft.com', 'rmacailine8', '6zqmWu', 1);
insert into user (userID, userTypeID, firstName, lastName, email, username, password, active) values (397, 2, 'Burch', 'Hamsher', 'bhamsher9@jugem.jp', 'bhamsher9', 'JgTCn8oKg', 1);
insert into user (userID, userTypeID, firstName, lastName, email, username, password, active) values (398, 3, 'Sebastian', 'Gratland', 'sgratlanda@alibaba.com', 'sgratlanda', 'djrRfox', 1);
insert into user (userID, userTypeID, firstName, lastName, email, username, password, active) values (399, 3, 'Brittan', 'Huygen', 'bhuygenb@examiner.com', 'bhuygenb', 'chhPg8INdH', 1);
insert into user (userID, userTypeID, firstName, lastName, email, username, password, active) values (400, 1, 'Miriam', 'Heindle', 'mheindlec@1688.com', 'mheindlec', 'WASE7I', 1);
insert into user (userID, userTypeID, firstName, lastName, email, username, password, active) values (401, 3, 'Marta', 'Dwane', 'mdwaned@hubpages.com', 'mdwaned', 'OtOH7tXIA', 1);
insert into user (userID, userTypeID, firstName, lastName, email, username, password, active) values (402, 3, 'Archie', 'Bestall', 'abestalle@ucoz.com', 'abestalle', 'tap8FXzGzpkz', 1);
insert into user (userID, userTypeID, firstName, lastName, email, username, password, active) values (403, 3, 'Genvieve', 'Kuschke', 'gkuschkef@is.gd', 'gkuschkef', 'K0j0IYTL', 1);
insert into user (userID, userTypeID, firstName, lastName, email, username, password, active) values (404, 1, 'Keriann', 'Crimin', 'kcriming@shinystat.com', 'kcriming', 'PYAPtTHjiVK', 1);
insert into user (userID, userTypeID, firstName, lastName, email, username, password, active) values (405, 2, 'Sol', 'Slocombe', 'sslocombeh@github.com', 'sslocombeh', '9N66EF', 1);
insert into user (userID, userTypeID, firstName, lastName, email, username, password, active) values (406, 3, 'Sari', 'Doppler', 'sdoppleri@reuters.com', 'sdoppleri', 'n8GCi7UlVqZ', 1);
insert into user (userID, userTypeID, firstName, lastName, email, username, password, active) values (407, 1, 'Mariam', 'Paydon', 'mpaydonj@blogger.com', 'mpaydonj', '03SOPyW', 1);
insert into user (userID, userTypeID, firstName, lastName, email, username, password, active) values (408, 2, 'Wandis', 'Crapper', 'wcrapperk@arstechnica.com', 'wcrapperk', 'zLsO3DUxy', 1);
insert into user (userID, userTypeID, firstName, lastName, email, username, password, active) values (409, 1, 'Nonna', 'Tuddall', 'ntuddalll@parallels.com', 'ntuddalll', 'vypt3uj', 1);
insert into user (userID, userTypeID, firstName, lastName, email, username, password, active) values (410, 2, 'Jerry', 'Leeson', 'jleesonm@desdev.cn', 'jleesonm', 'UwrC9t', 1);
insert into user (userID, userTypeID, firstName, lastName, email, username, password, active) values (411, 2, 'Maren', 'Kohter', 'mkohtern@ocn.ne.jp', 'mkohtern', 'jDOwEOK0Qq', 1);
insert into user (userID, userTypeID, firstName, lastName, email, username, password, active) values (412, 1, 'Kevan', 'Hadny', 'khadnyo@oakley.com', 'khadnyo', 'O8ISccV', 1);
insert into user (userID, userTypeID, firstName, lastName, email, username, password, active) values (413, 2, 'Vail', 'Sandbrook', 'vsandbrookp@mozilla.com', 'vsandbrookp', 'M5d5yP6ngS', 1);
insert into user (userID, userTypeID, firstName, lastName, email, username, password, active) values (414, 2, 'Christabel', 'Cecchi', 'ccecchiq@example.com', 'ccecchiq', 'NFniXzh', 1);
insert into user (userID, userTypeID, firstName, lastName, email, username, password, active) values (415, 2, 'Lorettalorna', 'Leveret', 'lleveretr@stanford.edu', 'lleveretr', 'enbv90UBkG3', 1);
insert into user (userID, userTypeID, firstName, lastName, email, username, password, active) values (416, 2, 'Nevin', 'Leggon', 'nleggons@cbc.ca', 'nleggons', '7MAlR6w0ld', 1);
insert into user (userID, userTypeID, firstName, lastName, email, username, password, active) values (417, 3, 'Vivianne', 'Learoyde', 'vlearoydet@constantcontact.com', 'vlearoydet', 'SGvYpzo', 1);
insert into user (userID, userTypeID, firstName, lastName, email, username, password, active) values (418, 2, 'Nerita', 'Marks', 'nmarksu@skyrock.com', 'nmarksu', '6cQIMJ7', 1);
insert into user (userID, userTypeID, firstName, lastName, email, username, password, active) values (419, 1, 'Kelbee', 'Woodeson', 'kwoodesonv@scientificamerican.com', 'kwoodesonv', 'S4HHtUTo0yym', 1);
insert into user (userID, userTypeID, firstName, lastName, email, username, password, active) values (420, 3, 'Karel', 'Oles', 'kolesw@wisc.edu', 'kolesw', 'ZBZntEKp9sp', 1);
insert into user (userID, userTypeID, firstName, lastName, email, username, password, active) values (421, 2, 'Tildie', 'Fontin', 'tfontinx@fotki.com', 'tfontinx', 'ZaExjA', 1);
insert into user (userID, userTypeID, firstName, lastName, email, username, password, active) values (422, 3, 'Mattheus', 'Diffley', 'mdiffleyy@ftc.gov', 'mdiffleyy', 'RBdTN692VZZf', 1);
insert into user (userID, userTypeID, firstName, lastName, email, username, password, active) values (423, 1, 'Gibby', 'Hodgon', 'ghodgonz@dot.gov', 'ghodgonz', 'CbeSQ0s', 1);
insert into user (userID, userTypeID, firstName, lastName, email, username, password, active) values (424, 1, 'Isobel', 'Berney', 'iberney10@xrea.com', 'iberney10', 'VLUc1rXHYb2g', 1);
insert into user (userID, userTypeID, firstName, lastName, email, username, password, active) values (425, 3, 'Effie', 'Maffulli', 'emaffulli11@theatlantic.com', 'emaffulli11', '4RJQnc', 1);
insert into user (userID, userTypeID, firstName, lastName, email, username, password, active) values (426, 3, 'Stephenie', 'Fincken', 'sfincken12@admin.ch', 'sfincken12', 'P2oWnrVKnW', 1);
insert into user (userID, userTypeID, firstName, lastName, email, username, password, active) values (427, 2, 'Myrtice', 'Gotmann', 'mgotmann13@bluehost.com', 'mgotmann13', 'uxfPN5thUN', 1);
insert into user (userID, userTypeID, firstName, lastName, email, username, password, active) values (428, 2, 'Raimund', 'Spur', 'rspur14@nba.com', 'rspur14', 'ZWyHimCelHdb', 1);
insert into user (userID, userTypeID, firstName, lastName, email, username, password, active) values (429, 3, 'Peg', 'Rushmare', 'prushmare15@mozilla.com', 'prushmare15', '5CT3wkRL', 1);
insert into user (userID, userTypeID, firstName, lastName, email, username, password, active) values (430, 1, 'Tye', 'Vasilischev', 'tvasilischev16@pagesperso-orange.fr', 'tvasilischev16', 'Qe9W8xu3vN2', 1);
insert into user (userID, userTypeID, firstName, lastName, email, username, password, active) values (431, 2, 'Brooks', 'Stonbridge', 'bstonbridge17@elegantthemes.com', 'bstonbridge17', 'WCPGPmSTuHv', 1);
insert into user (userID, userTypeID, firstName, lastName, email, username, password, active) values (432, 1, 'Ilise', 'Trowbridge', 'itrowbridge18@booking.com', 'itrowbridge18', 'pEvGjDPzLD', 1);
insert into user (userID, userTypeID, firstName, lastName, email, username, password, active) values (433, 1, 'Garth', 'Veronique', 'gveronique19@skype.com', 'gveronique19', 'OXFSFKCPT', 1);
insert into user (userID, userTypeID, firstName, lastName, email, username, password, active) values (434, 2, 'Arly', 'Jarlmann', 'ajarlmann1a@businesswire.com', 'ajarlmann1a', 'qP7V9wfq', 1);
insert into user (userID, userTypeID, firstName, lastName, email, username, password, active) values (435, 2, 'Dona', 'Castagneto', 'dcastagneto1b@wsj.com', 'dcastagneto1b', 'ToTLSWu807', 1);
insert into user (userID, userTypeID, firstName, lastName, email, username, password, active) values (436, 3, 'Sal', 'Augustus', 'saugustus1c@php.net', 'saugustus1c', 'ZnYK2pxVVWZp', 1);
insert into user (userID, userTypeID, firstName, lastName, email, username, password, active) values (437, 3, 'Gabbie', 'De Bruin', 'gdebruin1d@uiuc.edu', 'gdebruin1d', '4TlWhpoFX', 1);


#company table and insert statements

create table company(
    companyID int auto_increment primary key,
    name text,
    country text,
    state text,
    zip int,
    streetName text,
    streetNum int
);

insert into company (companyID, name, country, state, zip, streetName, streetNum) values (1, 'Wehner, Veum and Pacocha', 'United States', 'New York', 86251, 'Mcguire', 8608);
insert into company (companyID, name, country, state, zip, streetName, streetNum) values (2, 'Yundt-Conroy', 'United States', 'California', 80492, 'Holy Cross', 77);
insert into company (companyID, name, country, state, zip, streetName, streetNum) values (3, 'Zemlak-Bosco', 'United States', 'Texas', 10022, 'Corben', 7040);
insert into company (companyID, name, country, state, zip, streetName, streetNum) values (4, 'Macejkovic Group', 'United States', 'Wisconsin', 66418, 'Tomscot', 660);
insert into company (companyID, name, country, state, zip, streetName, streetNum) values (5, 'Block Group', 'United States', 'Mississippi', 83622, 'Erie', 60);
insert into company (companyID, name, country, state, zip, streetName, streetNum) values (6, 'Kihn LLC', 'United States', 'New Jersey', 70810, 'Lindbergh', 7);
insert into company (companyID, name, country, state, zip, streetName, streetNum) values (7, 'Swaniawski, Kuhn and Ondricka', 'United States', 'Orgeon', 45600, 'Kenwood', 204);
insert into company (companyID, name, country, state, zip, streetName, streetNum) values (8, 'Fisher LLC', 'United States', 'Washington', 20042, 'Arrowood', 559);
insert into company (companyID, name, country, state, zip, streetName, streetNum) values (9, 'Dicki Inc', 'United States', 'Arizona', 04616, 'Memorial', 22250);
insert into company (companyID, name, country, state, zip, streetName, streetNum) values (10, 'Reinger LLC', 'United States', 'California', 50596, 'Union', 2974);
insert into company (companyID, name, country, state, zip, streetName, streetNum) values (11, 'Kshlerin LLC', 'United States', 'Virginia', 56620, 'Old Shore', 6927);
insert into company (companyID, name, country, state, zip, streetName, streetNum) values (12, 'O''Reilly, Metz and Legros', 'United States', 'Georgia', 25878, 'Stephen', 719);
insert into company (companyID, name, country, state, zip, streetName, streetNum) values (13, 'Rosenbaum and Sons', 'United States', 'New York', 41651, 'Pawling', 5834);
insert into company (companyID, name, country, state, zip, streetName, streetNum) values (14, 'Corwin-Zulauf', 'United States', 'Pennseylvania', 07119, 'Forster', 72470);
insert into company (companyID, name, country, state, zip, streetName, streetNum) values (15, 'Frami, Wuckert and Mosciski', 'United States', 'New Mexico', 17587, 'Sloan', 6);
insert into company (companyID, name, country, state, zip, streetName, streetNum) values (16, 'Kshlerin and Sons', 'United States', 'Texas', 17648, 'Basil', 305);
insert into company (companyID, name, country, state, zip, streetName, streetNum) values (17, 'Christiansen LLC', 'United States', 'Illinois', 39495, 'Leroy', 5);
insert into company (companyID, name, country, state, zip, streetName, streetNum) values (18, 'Streich Group', 'United States', 'Nevada', 65371, 'Spohn', 6);
insert into company (companyID, name, country, state, zip, streetName, streetNum) values (19, 'Champlin, Paucek and Balistreri', 'United States', 'Vermont', 41613, 'Little Fleur', 5600);
insert into company (companyID, name, country, state, zip, streetName, streetNum) values (20, 'Champlin, Kautzer and Weissnat', 'United States', 'Massachusetts', 11126, 'Red Cloud', 315);

##industryCompany table and insert statements

create table industryCompany(
    companyID int,
    industryID int,
    constraint pk_industryCompany primary key (industryID, companyID),
    constraint fk_companyID_ind_comp
        foreign key (companyID) references company (companyID)
        on update cascade on delete restrict,
    constraint fk_industryID
        foreign key (industryID) references industry (industryID)
        on update cascade on delete restrict
);

insert into industryCompany (companyID, industryID) values (1, 1);
insert into industryCompany (companyID, industryID) values (2, 2);
insert into industryCompany (companyID, industryID) values (3, 3);
insert into industryCompany (companyID, industryID) values (4, 4);
insert into industryCompany (companyID, industryID) values (5, 5);
insert into industryCompany (companyID, industryID) values (6, 6);
insert into industryCompany (companyID, industryID) values (7, 7);
insert into industryCompany (companyID, industryID) values (8, 8);
insert into industryCompany (companyID, industryID) values (9, 9);
insert into industryCompany (companyID, industryID) values (10, 10);
insert into industryCompany (companyID, industryID) values (11, 11);
insert into industryCompany (companyID, industryID) values (12, 12);
insert into industryCompany (companyID, industryID) values (13, 10);
insert into industryCompany (companyID, industryID) values (14, 4);
insert into industryCompany (companyID, industryID) values (15, 7);
insert into industryCompany (companyID, industryID) values (16, 2);
insert into industryCompany (companyID, industryID) values (17, 11);
insert into industryCompany (companyID, industryID) values (18, 9);
insert into industryCompany (companyID, industryID) values (19, 12);
insert into industryCompany (companyID, industryID) values (20, 10);


##department table and insert statements

create table department
(
    deptID    int auto_increment,
    companyID int,
    name      text,
    managerID int,
    constraint pk_department primary key (deptId, companyID),
    constraint fk_companyID
        foreign key (companyID) references company (companyID)
            on update cascade on delete restrict
);

insert into department (deptID, companyID, name, managerID) values (1, 1, 'Research and Development', 1);
insert into department (deptID, companyID, name, managerID) values (2, 1, 'Sales', 2);
insert into department (deptID, companyID, name, managerID) values (3, 1, 'Marketing', 3);
insert into department (deptID, companyID, name, managerID) values (4, 1, 'Services', 4);
insert into department (deptID, companyID, name, managerID) values (1, 2, 'Research and Development', 5);
insert into department (deptID, companyID, name, managerID) values (2, 2, 'Sales', 6);
insert into department (deptID, companyID, name, managerID) values (3, 2, 'Marketing', 7);
insert into department (deptID, companyID, name, managerID) values (4, 2, 'Services', 8);
insert into department (deptID, companyID, name, managerID) values (1, 3, 'Sales', 9);
insert into department (deptID, companyID, name, managerID) values (2, 3, 'Marketing', 10);
insert into department (deptID, companyID, name, managerID) values (1, 4, 'Research and Development', 11);
insert into department (deptID, companyID, name, managerID) values (2, 4, 'Product Management', 12);
insert into department (deptID, companyID, name, managerID) values (3, 4, 'Support', 13);
insert into department (deptID, companyID, name, managerID) values (4, 4, 'Human Resources', 14);
insert into department (deptID, companyID, name, managerID) values (1, 5, 'Marketing', 15);
insert into department (deptID, companyID, name, managerID) values (2, 5, 'Human Resources', 16);
insert into department (deptID, companyID, name, managerID) values (3, 5, 'Product Management', 17);
insert into department (deptID, companyID, name, managerID) values (4, 5, 'Sales', 18);
insert into department (deptID, companyID, name, managerID) values (5, 5, 'Consumerism', 19);
insert into department (deptID, companyID, name, managerID) values (1, 6, 'Services', 20);
insert into department (deptID, companyID, name, managerID) values (1, 7, 'Sales', 21);
insert into department (deptID, companyID, name, managerID) values (2, 7, 'Training', 22);
insert into department (deptID, companyID, name, managerID) values (3, 7, 'Marketing', 23);
insert into department (deptID, companyID, name, managerID) values (4, 7, 'Human Resources', 24);
insert into department (deptID, companyID, name, managerID) values (1, 8, 'Engineering', 25);
insert into department (deptID, companyID, name, managerID) values (2, 8, 'Research and Development', 26);
insert into department (deptID, companyID, name, managerID) values (1, 9, 'Product Management', 27);
insert into department (deptID, companyID, name, managerID) values (1, 10, 'Support', 28);
insert into department (deptID, companyID, name, managerID) values (2, 10, 'Human Resources', 29);
insert into department (deptID, companyID, name, managerID) values (3, 10, 'Training', 30);
insert into department (deptID, companyID, name, managerID) values (4, 10, 'Marketing', 31);
insert into department (deptID, companyID, name, managerID) values (1, 11, 'Research and Development', 32);
insert into department (deptID, companyID, name, managerID) values (2, 11, 'Training', 33);
insert into department (deptID, companyID, name, managerID) values (3, 11, 'Marketing', 34);
insert into department (deptID, companyID, name, managerID) values (4, 11, 'Support', 35);
insert into department (deptID, companyID, name, managerID) values (5, 11, 'Engineering', 36);
insert into department (deptID, companyID, name, managerID) values (6, 11, 'Product Development', 37);
insert into department (deptID, companyID, name, managerID) values (1, 12, 'Human Resources', 38);
insert into department (deptID, companyID, name, managerID) values (2, 12, 'Sales', 39);
insert into department (deptID, companyID, name, managerID) values (3, 12, 'Marketing', 40);
insert into department (deptID, companyID, name, managerID) values (1, 13, 'Product Management', 41);
insert into department (deptID, companyID, name, managerID) values (2, 13, 'Sales', 42);
insert into department (deptID, companyID, name, managerID) values (3, 13, 'Marketing', 43);
insert into department (deptID, companyID, name, managerID) values (4, 13, 'IT', 44);
insert into department (deptID, companyID, name, managerID) values (1, 14, 'Support', 45);
insert into department (deptID, companyID, name, managerID) values (1, 15, 'Human Resources', 46);
insert into department (deptID, companyID, name, managerID) values (2, 15, 'Sales', 47);
insert into department (deptID, companyID, name, managerID) values (3, 15, 'Marketing', 48);
insert into department (deptID, companyID, name, managerID) values (1, 16, 'Training', 49);
insert into department (deptID, companyID, name, managerID) values (2, 16, 'Sales', 50);
insert into department (deptID, companyID, name, managerID) values (3, 16, 'Marketing', 51);
insert into department (deptID, companyID, name, managerID) values (4, 16, 'Human Resources', 52);
insert into department (deptID, companyID, name, managerID) values (1, 17, 'Sales', 53);
insert into department (deptID, companyID, name, managerID) values (2, 17, 'Research and Development', 54);
insert into department (deptID, companyID, name, managerID) values (1, 18, 'Marketing', 55);
insert into department (deptID, companyID, name, managerID) values (2, 18, 'Sales', 56);
insert into department (deptID, companyID, name, managerID) values (3, 18, 'Research and Development', 57);
insert into department (deptID, companyID, name, managerID) values (4, 18, 'IT', 58);
insert into department (deptID, companyID, name, managerID) values (5, 18, 'Product Management', 59);
insert into department (deptID, companyID, name, managerID) values (1, 19, 'Research and Development', 60);
insert into department (deptID, companyID, name, managerID) values (1, 20, 'Training', 61);

#division table and insert statements

create table division
(
    divID     int auto_increment,
    deptID    int,
    companyID int,
    name      text,
    managerID int,
    constraint pk_division primary key (divID, deptId, companyID),
    constraint fk_deptID
        foreign key (deptID) references department (deptID),
    constraint fk_companyID_div
        foreign key (companyID) references department (companyID)
);

insert into division (divID, deptID, companyID, name, managerID) values (1, 1, 1, 'R&D 1', 1);
insert into division (divID, deptID, companyID, name, managerID) values (2, 1, 1, 'R&D 2', 62);
insert into division (divID, deptID, companyID, name, managerID) values (1, 2, 1, 'Sales 1', 2);
insert into division (divID, deptID, companyID, name, managerID) values (2, 2, 1, 'Sales 2', 63);
insert into division (divID, deptID, companyID, name, managerID) values (1, 3, 1, 'Marketing Relations', 3);
insert into division (divID, deptID, companyID, name, managerID) values (1, 4, 1, 'Product Services', 4);
insert into division (divID, deptID, companyID, name, managerID) values (2, 4, 1, 'Employee Services', 64);
insert into division (divID, deptID, companyID, name, managerID) values (3, 4, 1, 'Communications', 65);

insert into division (divID, deptID, companyID, name, managerID) values (1, 1, 2, 'Research', 5);
insert into division (divID, deptID, companyID, name, managerID) values (2, 1, 2, 'Development', 66);
insert into division (divID, deptID, companyID, name, managerID) values (1, 2, 2, 'Consumerism', 6);
insert into division (divID, deptID, companyID, name, managerID) values (2, 2, 2, 'Testing', 67);
insert into division (divID, deptID, companyID, name, managerID) values (1, 3, 2, 'Team 1', 7);
insert into division (divID, deptID, companyID, name, managerID) values (2, 3, 2, 'Team 2', 68);
insert into division (divID, deptID, companyID, name, managerID) values (1, 4, 2, 'Customer Service', 8);
insert into division (divID, deptID, companyID, name, managerID) values (2, 4, 2, 'Employee Service', 69);

insert into division (divID, deptID, companyID, name, managerID) values (1, 1, 3, 'PR', 9);
insert into division (divID, deptID, companyID, name, managerID) values (2, 1, 3, 'Analytics', 70);
insert into division (divID, deptID, companyID, name, managerID) values (1, 2, 3, 'Consumer Marketing', 10);
insert into division (divID, deptID, companyID, name, managerID) values (2, 2, 3, 'Products', 71);

insert into division (divID, deptID, companyID, name, managerID) values (1, 1, 4, 'R&D 1', 11);
insert into division (divID, deptID, companyID, name, managerID) values (2, 1, 4, 'R&D 2', 72);
insert into division (divID, deptID, companyID, name, managerID) values (3, 1, 4, 'R&D 3', 73);
insert into division (divID, deptID, companyID, name, managerID) values (1, 2, 4, 'Delivery', 12);
insert into division (divID, deptID, companyID, name, managerID) values (2, 2, 4, 'Storage', 74);
insert into division (divID, deptID, companyID, name, managerID) values (3, 2, 4, 'Safety', 75);
insert into division (divID, deptID, companyID, name, managerID) values (1, 3, 4, 'Employee Support', 13);
insert into division (divID, deptID, companyID, name, managerID) values (2, 3, 4, 'Customer Support', 76);
insert into division (divID, deptID, companyID, name, managerID) values (1, 4, 4, 'Internal', 14);
insert into division (divID, deptID, companyID, name, managerID) values (2, 4, 4, 'External', 77);

insert into division (divID, deptID, companyID, name, managerID) values (1, 1, 5, 'Consumer', 15);
insert into division (divID, deptID, companyID, name, managerID) values (1, 2, 5, 'Internal', 16);
insert into division (divID, deptID, companyID, name, managerID) values (2, 2, 5, 'Safety', 78);
insert into division (divID, deptID, companyID, name, managerID) values (1, 3, 5, 'Delivery', 17);
insert into division (divID, deptID, companyID, name, managerID) values (2, 3, 5, 'Safety', 79);
insert into division (divID, deptID, companyID, name, managerID) values (3, 3, 5, 'Storage', 80);
insert into division (divID, deptID, companyID, name, managerID) values (1, 4, 5, 'Sales Team 1', 18);
insert into division (divID, deptID, companyID, name, managerID) values (2, 4, 5, 'Sales Team 2', 81);
insert into division (divID, deptID, companyID, name, managerID) values (1, 5, 5, 'Customer Analytics', 19);
insert into division (divID, deptID, companyID, name, managerID) values (2, 5, 5, 'Product Analytics', 82);

insert into division (divID, deptID, companyID, name, managerID) values (1, 1, 6, 'Customer', 20);
insert into division (divID, deptID, companyID, name, managerID) values (2, 1, 6, 'Management', 83);
insert into division (divID, deptID, companyID, name, managerID) values (3, 1, 6, 'Employee', 84);

insert into division (divID, deptID, companyID, name, managerID) values (1, 1, 7, 'Analytics', 21);
insert into division (divID, deptID, companyID, name, managerID) values (1, 2, 7, 'New Employees', 22);
insert into division (divID, deptID, companyID, name, managerID) values (2, 2, 7, 'Promotions', 85);
insert into division (divID, deptID, companyID, name, managerID) values (1, 3, 7, 'Products', 23);
insert into division (divID, deptID, companyID, name, managerID) values (2, 3, 7, 'Company', 86);
insert into division (divID, deptID, companyID, name, managerID) values (1, 4, 7, 'HR Division 1', 24);

insert into division (divID, deptID, companyID, name, managerID) values (1, 1, 8, 'Electrical', 25);
insert into division (divID, deptID, companyID, name, managerID) values (2, 1, 8, 'Civil', 87);
insert into division (divID, deptID, companyID, name, managerID) values (3, 1, 8, 'Mechanical', 88);
insert into division (divID, deptID, companyID, name, managerID) values (1, 2, 8, 'Analytics', 26);
insert into division (divID, deptID, companyID, name, managerID) values (2, 2, 8, 'Design', 89);
insert into division (divID, deptID, companyID, name, managerID) values (3, 2, 8, 'Air', 90);

insert into division (divID, deptID, companyID, name, managerID) values (1, 1, 9, 'Analytics', 27);
insert into division (divID, deptID, companyID, name, managerID) values (2, 1, 9, 'New Products', 91);
insert into division (divID, deptID, companyID, name, managerID) values (3, 1, 9, 'Delivery', 92);
insert into division (divID, deptID, companyID, name, managerID) values (4, 1, 9, 'Storage', 93);

insert into division (divID, deptID, companyID, name, managerID) values (1, 1, 10, 'Customer 1', 28);
insert into division (divID, deptID, companyID, name, managerID) values (2, 1, 10, 'Customer 2', 94);
insert into division (divID, deptID, companyID, name, managerID) values (1, 2, 10, 'Internal', 29);
insert into division (divID, deptID, companyID, name, managerID) values (2, 2, 10, 'Safety', 95);
insert into division (divID, deptID, companyID, name, managerID) values (3, 2, 10, 'Training', 96);
insert into division (divID, deptID, companyID, name, managerID) values (1, 3, 10, 'Safety', 30);
insert into division (divID, deptID, companyID, name, managerID) values (2, 3, 10, 'New Hires', 97);
insert into division (divID, deptID, companyID, name, managerID) values (3, 3, 10, 'Management', 98);
insert into division (divID, deptID, companyID, name, managerID) values (1, 4, 10, 'Analytics', 31);
insert into division (divID, deptID, companyID, name, managerID) values (2, 4, 10, 'Products', 99);
insert into division (divID, deptID, companyID, name, managerID) values (3, 4, 10, 'Research', 100);

insert into division (divID, deptID, companyID, name, managerID) values (1, 1, 11, 'Products', 32);
insert into division (divID, deptID, companyID, name, managerID) values (2, 1, 11, 'Consumers', 101);
insert into division (divID, deptID, companyID, name, managerID) values (1, 2, 11, 'New Hires', 33);
insert into division (divID, deptID, companyID, name, managerID) values (2, 2, 11, 'Management', 102);
insert into division (divID, deptID, companyID, name, managerID) values (3, 2, 11, 'Safety', 103);
insert into division (divID, deptID, companyID, name, managerID) values (1, 3, 11, 'Marketing 1', 34);
insert into division (divID, deptID, companyID, name, managerID) values (2, 3, 11, 'Marketing 2', 104);
insert into division (divID, deptID, companyID, name, managerID) values (1, 4, 11, 'Customer', 35);
insert into division (divID, deptID, companyID, name, managerID) values (1, 5, 11, 'Mechanical', 36);
insert into division (divID, deptID, companyID, name, managerID) values (2, 5, 11, 'Electrical', 105);
insert into division (divID, deptID, companyID, name, managerID) values (1, 6, 11, 'Legal', 37);
insert into division (divID, deptID, companyID, name, managerID) values (2, 6, 11, 'Research', 106);
insert into division (divID, deptID, companyID, name, managerID) values (3, 6, 11, 'Planning', 107);

insert into division (divID, deptID, companyID, name, managerID) values (1, 1, 12, 'Internal 1', 38);
insert into division (divID, deptID, companyID, name, managerID) values (2, 1, 12, 'Internal 2', 108);
insert into division (divID, deptID, companyID, name, managerID) values (3, 1, 12, 'Safety Training', 109);
insert into division (divID, deptID, companyID, name, managerID) values (4, 1, 12, 'Management Training', 110);
insert into division (divID, deptID, companyID, name, managerID) values (1, 2, 12, 'Analytics', 39);
insert into division (divID, deptID, companyID, name, managerID) values (2, 2, 12, 'Consumerism', 111);
insert into division (divID, deptID, companyID, name, managerID) values (3, 2, 12, 'Products', 112);
insert into division (divID, deptID, companyID, name, managerID) values (1, 3, 12, 'Team 1', 40);
insert into division (divID, deptID, companyID, name, managerID) values (2, 3, 12, 'Team 2', 113);

insert into division (divID, deptID, companyID, name, managerID) values (1, 1, 13, 'Finance', 41);
insert into division (divID, deptID, companyID, name, managerID) values (2, 1, 13, 'Analytics', 114);
insert into division (divID, deptID, companyID, name, managerID) values (3, 1, 13, 'Storage', 115);
insert into division (divID, deptID, companyID, name, managerID) values (1, 2, 13, 'Analytics', 42);
insert into division (divID, deptID, companyID, name, managerID) values (2, 2, 13, 'Primary', 116);
insert into division (divID, deptID, companyID, name, managerID) values (3, 2, 13, 'Secondary', 117);
insert into division (divID, deptID, companyID, name, managerID) values (1, 3, 13, 'Analytics', 43);
insert into division (divID, deptID, companyID, name, managerID) values (2, 3, 13, 'Products', 118);

insert into division (divID, deptID, companyID, name, managerID) values (1, 1, 14, 'Employee', 45);
insert into division (divID, deptID, companyID, name, managerID) values (2, 1, 14, 'External', 119);

insert into division (divID, deptID, companyID, name, managerID) values (1, 1, 15, 'Internal', 46);
insert into division (divID, deptID, companyID, name, managerID) values (2, 1, 15, 'Training', 121);
insert into division (divID, deptID, companyID, name, managerID) values (1, 2, 15, 'Products', 47);
insert into division (divID, deptID, companyID, name, managerID) values (2, 2, 15, 'Analytics', 121);
insert into division (divID, deptID, companyID, name, managerID) values (1, 3, 15, 'PR', 48);
insert into division (divID, deptID, companyID, name, managerID) values (2, 3, 15, 'Analytics', 122);

insert into division (divID, deptID, companyID, name, managerID) values (1, 1, 16, 'Hires', 49);
insert into division (divID, deptID, companyID, name, managerID) values (2, 1, 16, 'Management', 123);
insert into division (divID, deptID, companyID, name, managerID) values (3, 1, 16, 'Safety', 124);
insert into division (divID, deptID, companyID, name, managerID) values (1, 2, 16, 'Sales Team 1', 50);
insert into division (divID, deptID, companyID, name, managerID) values (2, 2, 16, 'Sales Team 2', 125);
insert into division (divID, deptID, companyID, name, managerID) values (1, 3, 16, 'Marketing Team 1', 51);
insert into division (divID, deptID, companyID, name, managerID) values (2, 3, 16, 'Marketing Team 2', 126);
insert into division (divID, deptID, companyID, name, managerID) values (3, 3, 16, 'PR', 127);
insert into division (divID, deptID, companyID, name, managerID) values (1, 4, 16, 'Training', 52);
insert into division (divID, deptID, companyID, name, managerID) values (2, 4, 16, 'Safety', 128);

insert into division (divID, deptID, companyID, name, managerID) values (1, 1, 17, 'Testing', 53);
insert into division (divID, deptID, companyID, name, managerID) values (2, 1, 17, 'Customer', 129);
insert into division (divID, deptID, companyID, name, managerID) values (3, 1, 17, 'Management', 130);
insert into division (divID, deptID, companyID, name, managerID) values (1, 2, 17, 'Focus Testing', 54);
insert into division (divID, deptID, companyID, name, managerID) values (2, 2, 17, 'Products', 131);

insert into division (divID, deptID, companyID, name, managerID) values (1, 1, 18, 'Focus Testing', 55);
insert into division (divID, deptID, companyID, name, managerID) values (2, 1, 18, 'PR', 132);
insert into division (divID, deptID, companyID, name, managerID) values (3, 1, 18, 'Products', 133);
insert into division (divID, deptID, companyID, name, managerID) values (1, 2, 18, 'Products', 56);
insert into division (divID, deptID, companyID, name, managerID) values (2, 2, 18, 'Customers', 134);
insert into division (divID, deptID, companyID, name, managerID) values (3, 2, 18, 'Analytics', 135);
insert into division (divID, deptID, companyID, name, managerID) values (1, 3, 18, 'Procurement', 57);
insert into division (divID, deptID, companyID, name, managerID) values (2, 3, 18, 'New Products', 136);
insert into division (divID, deptID, companyID, name, managerID) values (1, 4, 18, 'Tech Support', 58);
insert into division (divID, deptID, companyID, name, managerID) values (2, 4, 18, 'Systems', 137);
insert into division (divID, deptID, companyID, name, managerID) values (1, 5, 18, 'Storage', 59);
insert into division (divID, deptID, companyID, name, managerID) values (2, 5, 18, 'Delivery', 138);
insert into division (divID, deptID, companyID, name, managerID) values (3, 5, 18, 'Safety', 139);

insert into division (divID, deptID, companyID, name, managerID) values (1, 1, 19, 'Communications', 60);
insert into division (divID, deptID, companyID, name, managerID) values (2, 1, 19, 'Science and Technology', 140);

insert into division (divID, deptID, companyID, name, managerID) values (1, 1, 20, 'External', 61);
insert into division (divID, deptID, companyID, name, managerID) values (2, 1, 20, 'Internal', 141);
insert into division (divID, deptID, companyID, name, managerID) values (3, 1, 20, 'Diversity', 142);
insert into division (divID, deptID, companyID, name, managerID) values (4, 1, 20, 'Safety', 143);

#jobPosition table and insert statements

create table jobPosition(
    positionID int auto_increment primary key,
    name text,
    divID int,
    deptID int,
    companyID int,
    jobTypeID int,
    availability boolean,
    reported boolean,
    description text,
    constraint fk_divID_job_pos
        foreign key (divID) references division (divID)
        on update cascade on delete restrict,
    constraint fk_deptID_job_pos
        foreign key (deptID) references division (deptID)
        on update cascade on delete restrict,
    constraint fk_companyID_job_pos
        foreign key (companyID) references division (companyID)
        on update cascade on delete restrict,
    constraint fk_jobTypeID
        foreign key (jobTypeID) references jobType (jobTypeID)
        on update cascade on delete restrict
);

select * from jobPosition;
insert into jobPosition (positionID, name, divID, deptID, companyID, jobTypeID, availability, reported, description) values (1, 'Researcher I', 1, 1, 1, 8, 0, 0, 'Lorem ipsum dolor sit amet, consectetur adipiscing elit, sed do eiusmod tempor incididunt ut labore et dolore magna aliqua. Ut enim ad minim veniam, quis nostrud exercitation ullamco laboris nisi.');
insert into jobPosition (positionID, name, divID, deptID, companyID, jobTypeID, availability, reported, description) values (2, 'Researcher II', 1, 1, 1, 8, 0, 0, 'Lorem ipsum dolor sit amet, consectetur adipiscing elit, sed do eiusmod tempor incididunt ut labore et dolore magna aliqua. Ut enim ad minim veniam, quis nostrud exercitation ullamco laboris nisi.');
insert into jobPosition (positionID, name, divID, deptID, companyID, jobTypeID, availability, reported, description) values (3, 'Researcher III', 1, 1, 1, 8, 0, 0, 'Lorem ipsum dolor sit amet, consectetur adipiscing elit, sed do eiusmod tempor incididunt ut labore et dolore magna aliqua. Ut enim ad minim veniam, quis nostrud exercitation ullamco laboris nisi.');
insert into jobPosition (positionID, name, divID, deptID, companyID, jobTypeID, availability, reported, description) values (4, 'Researcher I', 2, 1, 1, 8, 0, 0, 'Lorem ipsum dolor sit amet, consectetur adipiscing elit, sed do eiusmod tempor incididunt ut labore et dolore magna aliqua. Ut enim ad minim veniam, quis nostrud exercitation ullamco laboris nisi.');
insert into jobPosition (positionID, name, divID, deptID, companyID, jobTypeID, availability, reported, description) values (5, 'Researcher II', 2, 1, 1, 8, 0, 0, 'Lorem ipsum dolor sit amet, consectetur adipiscing elit, sed do eiusmod tempor incididunt ut labore et dolore magna aliqua. Ut enim ad minim veniam, quis nostrud exercitation ullamco laboris nisi.');
insert into jobPosition (positionID, name, divID, deptID, companyID, jobTypeID, availability, reported, description) values (6, 'Research Assistant I', 2, 1, 1, 9, 0, 0, 'Lorem ipsum dolor sit amet, consectetur adipiscing elit, sed do eiusmod tempor incididunt ut labore et dolore magna aliqua. Ut enim ad minim veniam, quis nostrud exercitation ullamco laboris nisi.');
insert into jobPosition (positionID, name, divID, deptID, companyID, jobTypeID, availability, reported, description) values (7, 'Sales Rep I', 1, 2, 1, 1, 0, 0, 'Lorem ipsum dolor sit amet, consectetur adipiscing elit, sed do eiusmod tempor incididunt ut labore et dolore magna aliqua. Ut enim ad minim veniam, quis nostrud exercitation ullamco laboris nisi.');
insert into jobPosition (positionID, name, divID, deptID, companyID, jobTypeID, availability, reported, description) values (8, 'Sales Rep II', 1, 2, 1, 1, 0, 0, 'Lorem ipsum dolor sit amet, consectetur adipiscing elit, sed do eiusmod tempor incididunt ut labore et dolore magna aliqua. Ut enim ad minim veniam, quis nostrud exercitation ullamco laboris nisi.');
insert into jobPosition (positionID, name, divID, deptID, companyID, jobTypeID, availability, reported, description) values (9, 'Sales Rep III', 2, 2, 1, 1, 0, 0, 'Lorem ipsum dolor sit amet, consectetur adipiscing elit, sed do eiusmod tempor incididunt ut labore et dolore magna aliqua. Ut enim ad minim veniam, quis nostrud exercitation ullamco laboris nisi.');
insert into jobPosition (positionID, name, divID, deptID, companyID, jobTypeID, availability, reported, description) values (10, 'Sales Rep IV', 2, 2, 1, 1, 0, 0, 'Lorem ipsum dolor sit amet, consectetur adipiscing elit, sed do eiusmod tempor incididunt ut labore et dolore magna aliqua. Ut enim ad minim veniam, quis nostrud exercitation ullamco laboris nisi.');
insert into jobPosition (positionID, name, divID, deptID, companyID, jobTypeID, availability, reported, description) values (11, 'Marketing Analyst I', 1, 3, 1, 2, 0, 0, 'Lorem ipsum dolor sit amet, consectetur adipiscing elit, sed do eiusmod tempor incididunt ut labore et dolore magna aliqua. Ut enim ad minim veniam, quis nostrud exercitation ullamco laboris nisi.');
insert into jobPosition (positionID, name, divID, deptID, companyID, jobTypeID, availability, reported, description) values (12, 'Marketing Worker', 1, 3, 1, 17, 0, 0, 'Lorem ipsum dolor sit amet, consectetur adipiscing elit, sed do eiusmod tempor incididunt ut labore et dolore magna aliqua. Ut enim ad minim veniam, quis nostrud exercitation ullamco laboris nisi.');
insert into jobPosition (positionID, name, divID, deptID, companyID, jobTypeID, availability, reported, description) values (13, 'Products Manager', 1, 4, 1, 15, 0, 0, 'Lorem ipsum dolor sit amet, consectetur adipiscing elit, sed do eiusmod tempor incididunt ut labore et dolore magna aliqua. Ut enim ad minim veniam, quis nostrud exercitation ullamco laboris nisi.');
insert into jobPosition (positionID, name, divID, deptID, companyID, jobTypeID, availability, reported, description) values (14, 'Products Assistant Manager', 1, 4, 1, 15, 0, 0, 'Lorem ipsum dolor sit amet, consectetur adipiscing elit, sed do eiusmod tempor incididunt ut labore et dolore magna aliqua. Ut enim ad minim veniam, quis nostrud exercitation ullamco laboris nisi.');
insert into jobPosition (positionID, name, divID, deptID, companyID, jobTypeID, availability, reported, description) values (15, 'Employee Help Desk Worker I', 2, 4, 1, 21, 0, 0, 'Lorem ipsum dolor sit amet, consectetur adipiscing elit, sed do eiusmod tempor incididunt ut labore et dolore magna aliqua. Ut enim ad minim veniam, quis nostrud exercitation ullamco laboris nisi.');
insert into jobPosition (positionID, name, divID, deptID, companyID, jobTypeID, availability, reported, description) values (16, 'Employee Help Desk Worker II', 2, 4, 1, 21, 0, 0, 'Lorem ipsum dolor sit amet, consectetur adipiscing elit, sed do eiusmod tempor incididunt ut labore et dolore magna aliqua. Ut enim ad minim veniam, quis nostrud exercitation ullamco laboris nisi.');
insert into jobPosition (positionID, name, divID, deptID, companyID, jobTypeID, availability, reported, description) values (17, 'Communications Rep I', 3, 4, 1, 22, 0, 0, 'Lorem ipsum dolor sit amet, consectetur adipiscing elit, sed do eiusmod tempor incididunt ut labore et dolore magna aliqua. Ut enim ad minim veniam, quis nostrud exercitation ullamco laboris nisi.');
insert into jobPosition (positionID, name, divID, deptID, companyID, jobTypeID, availability, reported, description) values (18, 'Communications Rep I', 3, 4, 1, 22, 0, 0, 'Lorem ipsum dolor sit amet, consectetur adipiscing elit, sed do eiusmod tempor incididunt ut labore et dolore magna aliqua. Ut enim ad minim veniam, quis nostrud exercitation ullamco laboris nisi.');
insert into jobPosition (positionID, name, divID, deptID, companyID, jobTypeID, availability, reported, description) values (19, 'Researcher I', 1, 1, 2, 8, 0, 0, 'Lorem ipsum dolor sit amet, consectetur adipiscing elit, sed do eiusmod tempor incididunt ut labore et dolore magna aliqua. Ut enim ad minim veniam, quis nostrud exercitation ullamco laboris nisi.');
insert into jobPosition (positionID, name, divID, deptID, companyID, jobTypeID, availability, reported, description) values (20, 'Researcher II', 1, 1, 2, 8, 0, 0, 'Lorem ipsum dolor sit amet, consectetur adipiscing elit, sed do eiusmod tempor incididunt ut labore et dolore magna aliqua. Ut enim ad minim veniam, quis nostrud exercitation ullamco laboris nisi.');
insert into jobPosition (positionID, name, divID, deptID, companyID, jobTypeID, availability, reported, description) values (21, 'Code Developer I', 2, 1, 2, 23, 0, 0, 'Lorem ipsum dolor sit amet, consectetur adipiscing elit, sed do eiusmod tempor incididunt ut labore et dolore magna aliqua. Ut enim ad minim veniam, quis nostrud exercitation ullamco laboris nisi.');
insert into jobPosition (positionID, name, divID, deptID, companyID, jobTypeID, availability, reported, description) values (22, 'Code Developer II', 2, 1, 2, 23, 0, 0, 'Lorem ipsum dolor sit amet, consectetur adipiscing elit, sed do eiusmod tempor incididunt ut labore et dolore magna aliqua. Ut enim ad minim veniam, quis nostrud exercitation ullamco laboris nisi.');
insert into jobPosition (positionID, name, divID, deptID, companyID, jobTypeID, availability, reported, description) values (23, 'Consumer Analyst I', 1, 2, 2, 18, 0, 0, 'Lorem ipsum dolor sit amet, consectetur adipiscing elit, sed do eiusmod tempor incididunt ut labore et dolore magna aliqua. Ut enim ad minim veniam, quis nostrud exercitation ullamco laboris nisi.');
insert into jobPosition (positionID, name, divID, deptID, companyID, jobTypeID, availability, reported, description) values (24, 'Consumer Analyst II', 1, 2, 2, 18, 0, 0, 'Lorem ipsum dolor sit amet, consectetur adipiscing elit, sed do eiusmod tempor incididunt ut labore et dolore magna aliqua. Ut enim ad minim veniam, quis nostrud exercitation ullamco laboris nisi.');
insert into jobPosition (positionID, name, divID, deptID, companyID, jobTypeID, availability, reported, description) values (25, 'Safety Rep', 2, 2, 2, 19, 0, 0, 'Lorem ipsum dolor sit amet, consectetur adipiscing elit, sed do eiusmod tempor incididunt ut labore et dolore magna aliqua. Ut enim ad minim veniam, quis nostrud exercitation ullamco laboris nisi.');
insert into jobPosition (positionID, name, divID, deptID, companyID, jobTypeID, availability, reported, description) values (26, 'Tester', 2, 2, 2, 8, 0, 0, 'Lorem ipsum dolor sit amet, consectetur adipiscing elit, sed do eiusmod tempor incididunt ut labore et dolore magna aliqua. Ut enim ad minim veniam, quis nostrud exercitation ullamco laboris nisi.');
insert into jobPosition (positionID, name, divID, deptID, companyID, jobTypeID, availability, reported, description) values (27, 'Sales Rep', 1, 3, 2, 1, 0, 0, 'Lorem ipsum dolor sit amet, consectetur adipiscing elit, sed do eiusmod tempor incididunt ut labore et dolore magna aliqua. Ut enim ad minim veniam, quis nostrud exercitation ullamco laboris nisi.');
insert into jobPosition (positionID, name, divID, deptID, companyID, jobTypeID, availability, reported, description) values (28, 'Sales Manager', 1, 3, 2, 16, 0, 0, 'Lorem ipsum dolor sit amet, consectetur adipiscing elit, sed do eiusmod tempor incididunt ut labore et dolore magna aliqua. Ut enim ad minim veniam, quis nostrud exercitation ullamco laboris nisi.');
insert into jobPosition (positionID, name, divID, deptID, companyID, jobTypeID, availability, reported, description) values (29, 'Sales Rep', 2, 3, 2, 14, 0, 0, 'Lorem ipsum dolor sit amet, consectetur adipiscing elit, sed do eiusmod tempor incididunt ut labore et dolore magna aliqua. Ut enim ad minim veniam, quis nostrud exercitation ullamco laboris nisi.');
insert into jobPosition (positionID, name, divID, deptID, companyID, jobTypeID, availability, reported, description) values (30, 'Sales Analyst', 2, 3, 2, 1, 0, 0, 'Lorem ipsum dolor sit amet, consectetur adipiscing elit, sed do eiusmod tempor incididunt ut labore et dolore magna aliqua. Ut enim ad minim veniam, quis nostrud exercitation ullamco laboris nisi.');
insert into jobPosition (positionID, name, divID, deptID, companyID, jobTypeID, availability, reported, description) values (31, 'Service Rep I', 1, 4, 2, 11, 0, 0, 'Lorem ipsum dolor sit amet, consectetur adipiscing elit, sed do eiusmod tempor incididunt ut labore et dolore magna aliqua. Ut enim ad minim veniam, quis nostrud exercitation ullamco laboris nisi.');
insert into jobPosition (positionID, name, divID, deptID, companyID, jobTypeID, availability, reported, description) values (32, 'Service Rep II', 1, 4, 2, 11, 0, 0, 'Lorem ipsum dolor sit amet, consectetur adipiscing elit, sed do eiusmod tempor incididunt ut labore et dolore magna aliqua. Ut enim ad minim veniam, quis nostrud exercitation ullamco laboris nisi.');
insert into jobPosition (positionID, name, divID, deptID, companyID, jobTypeID, availability, reported, description) values (33, 'Employee Service Rep I', 2, 4, 2, 21, 0, 0, 'Lorem ipsum dolor sit amet, consectetur adipiscing elit, sed do eiusmod tempor incididunt ut labore et dolore magna aliqua. Ut enim ad minim veniam, quis nostrud exercitation ullamco laboris nisi.');
insert into jobPosition (positionID, name, divID, deptID, companyID, jobTypeID, availability, reported, description) values (34, 'Employee Service Rep II', 2, 4, 2, 22, 0, 0, 'Lorem ipsum dolor sit amet, consectetur adipiscing elit, sed do eiusmod tempor incididunt ut labore et dolore magna aliqua. Ut enim ad minim veniam, quis nostrud exercitation ullamco laboris nisi.');
insert into jobPosition (positionID, name, divID, deptID, companyID, jobTypeID, availability, reported, description) values (35, 'PR Communications', 1, 1, 3, 22, 0, 0, 'Lorem ipsum dolor sit amet, consectetur adipiscing elit, sed do eiusmod tempor incididunt ut labore et dolore magna aliqua. Ut enim ad minim veniam, quis nostrud exercitation ullamco laboris nisi.');
insert into jobPosition (positionID, name, divID, deptID, companyID, jobTypeID, availability, reported, description) values (36, 'PR and Marketing Assistant', 1, 1, 3, 17, 0, 0, 'Lorem ipsum dolor sit amet, consectetur adipiscing elit, sed do eiusmod tempor incididunt ut labore et dolore magna aliqua. Ut enim ad minim veniam, quis nostrud exercitation ullamco laboris nisi.');
insert into jobPosition (positionID, name, divID, deptID, companyID, jobTypeID, availability, reported, description) values (37, 'Sales Analyst', 2, 1, 3, 1, 0, 0, 'Lorem ipsum dolor sit amet, consectetur adipiscing elit, sed do eiusmod tempor incididunt ut labore et dolore magna aliqua. Ut enim ad minim veniam, quis nostrud exercitation ullamco laboris nisi.');
insert into jobPosition (positionID, name, divID, deptID, companyID, jobTypeID, availability, reported, description) values (38, 'Marketing Analyst', 2, 1, 3, 2, 0, 0, 'Lorem ipsum dolor sit amet, consectetur adipiscing elit, sed do eiusmod tempor incididunt ut labore et dolore magna aliqua. Ut enim ad minim veniam, quis nostrud exercitation ullamco laboris nisi.');
insert into jobPosition (positionID, name, divID, deptID, companyID, jobTypeID, availability, reported, description) values (39, 'Consumer Rep I', 1, 2, 3, 18, 0, 0, 'Lorem ipsum dolor sit amet, consectetur adipiscing elit, sed do eiusmod tempor incididunt ut labore et dolore magna aliqua. Ut enim ad minim veniam, quis nostrud exercitation ullamco laboris nisi.');
insert into jobPosition (positionID, name, divID, deptID, companyID, jobTypeID, availability, reported, description) values (40, 'Consumer Rep I', 1, 2, 3, 18, 0, 0, 'Lorem ipsum dolor sit amet, consectetur adipiscing elit, sed do eiusmod tempor incididunt ut labore et dolore magna aliqua. Ut enim ad minim veniam, quis nostrud exercitation ullamco laboris nisi.');
insert into jobPosition (positionID, name, divID, deptID, companyID, jobTypeID, availability, reported, description) values (41, 'Product Manager', 2, 2, 3, 15, 0, 0, 'Lorem ipsum dolor sit amet, consectetur adipiscing elit, sed do eiusmod tempor incididunt ut labore et dolore magna aliqua. Ut enim ad minim veniam, quis nostrud exercitation ullamco laboris nisi.');
insert into jobPosition (positionID, name, divID, deptID, companyID, jobTypeID, availability, reported, description) values (42, 'Product Storage Worker', 2, 2, 3, 13, 0, 0, 'Lorem ipsum dolor sit amet, consectetur adipiscing elit, sed do eiusmod tempor incididunt ut labore et dolore magna aliqua. Ut enim ad minim veniam, quis nostrud exercitation ullamco laboris nisi.');
insert into jobPosition (positionID, name, divID, deptID, companyID, jobTypeID, availability, reported, description) values (43, 'Researcher I', 1, 1, 4, 8, 0, 0, 'Lorem ipsum dolor sit amet, consectetur adipiscing elit, sed do eiusmod tempor incididunt ut labore et dolore magna aliqua. Ut enim ad minim veniam, quis nostrud exercitation ullamco laboris nisi.');
insert into jobPosition (positionID, name, divID, deptID, companyID, jobTypeID, availability, reported, description) values (44, 'Researcher II', 1, 1, 4, 9, 0, 0, 'Lorem ipsum dolor sit amet, consectetur adipiscing elit, sed do eiusmod tempor incididunt ut labore et dolore magna aliqua. Ut enim ad minim veniam, quis nostrud exercitation ullamco laboris nisi.');
insert into jobPosition (positionID, name, divID, deptID, companyID, jobTypeID, availability, reported, description) values (45, 'Product Developer I', 2, 1, 4, 8, 0, 0, 'Lorem ipsum dolor sit amet, consectetur adipiscing elit, sed do eiusmod tempor incididunt ut labore et dolore magna aliqua. Ut enim ad minim veniam, quis nostrud exercitation ullamco laboris nisi.');
insert into jobPosition (positionID, name, divID, deptID, companyID, jobTypeID, availability, reported, description) values (46, 'Product Developer II', 2, 1, 4, 8, 0, 0, 'Lorem ipsum dolor sit amet, consectetur adipiscing elit, sed do eiusmod tempor incididunt ut labore et dolore magna aliqua. Ut enim ad minim veniam, quis nostrud exercitation ullamco laboris nisi.');
insert into jobPosition (positionID, name, divID, deptID, companyID, jobTypeID, availability, reported, description) values (47, 'Product Programmer', 3, 1, 4, 23, 0, 0, 'Lorem ipsum dolor sit amet, consectetur adipiscing elit, sed do eiusmod tempor incididunt ut labore et dolore magna aliqua. Ut enim ad minim veniam, quis nostrud exercitation ullamco laboris nisi.');
insert into jobPosition (positionID, name, divID, deptID, companyID, jobTypeID, availability, reported, description) values (48, 'Safety Advisor', 3, 1, 4, 19, 0, 0, 'Lorem ipsum dolor sit amet, consectetur adipiscing elit, sed do eiusmod tempor incididunt ut labore et dolore magna aliqua. Ut enim ad minim veniam, quis nostrud exercitation ullamco laboris nisi.');
insert into jobPosition (positionID, name, divID, deptID, companyID, jobTypeID, availability, reported, description) values (49, 'Warehouse Worker', 1, 2, 4, 13, 0, 0, 'Lorem ipsum dolor sit amet, consectetur adipiscing elit, sed do eiusmod tempor incididunt ut labore et dolore magna aliqua. Ut enim ad minim veniam, quis nostrud exercitation ullamco laboris nisi.');
insert into jobPosition (positionID, name, divID, deptID, companyID, jobTypeID, availability, reported, description) values (50, 'Delivery Worker', 1, 2, 4, 12, 0, 0, 'Lorem ipsum dolor sit amet, consectetur adipiscing elit, sed do eiusmod tempor incididunt ut labore et dolore magna aliqua. Ut enim ad minim veniam, quis nostrud exercitation ullamco laboris nisi.');
insert into jobPosition (positionID, name, divID, deptID, companyID, jobTypeID, availability, reported, description) values (51, 'Warehouse Manager', 2, 2, 4, 13, 0, 0, 'Lorem ipsum dolor sit amet, consectetur adipiscing elit, sed do eiusmod tempor incididunt ut labore et dolore magna aliqua. Ut enim ad minim veniam, quis nostrud exercitation ullamco laboris nisi.');
insert into jobPosition (positionID, name, divID, deptID, companyID, jobTypeID, availability, reported, description) values (52, 'Warehouse Safety Advisor', 2, 2, 4, 19, 0, 0, 'Lorem ipsum dolor sit amet, consectetur adipiscing elit, sed do eiusmod tempor incididunt ut labore et dolore magna aliqua. Ut enim ad minim veniam, quis nostrud exercitation ullamco laboris nisi.');
insert into jobPosition (positionID, name, divID, deptID, companyID, jobTypeID, availability, reported, description) values (53, 'Safety Manager', 3, 2, 4, 19, 0, 0, 'Lorem ipsum dolor sit amet, consectetur adipiscing elit, sed do eiusmod tempor incididunt ut labore et dolore magna aliqua. Ut enim ad minim veniam, quis nostrud exercitation ullamco laboris nisi.');
insert into jobPosition (positionID, name, divID, deptID, companyID, jobTypeID, availability, reported, description) values (54, 'Safety Worker', 3, 2, 4, 19, 0, 0, 'Lorem ipsum dolor sit amet, consectetur adipiscing elit, sed do eiusmod tempor incididunt ut labore et dolore magna aliqua. Ut enim ad minim veniam, quis nostrud exercitation ullamco laboris nisi.');
insert into jobPosition (positionID, name, divID, deptID, companyID, jobTypeID, availability, reported, description) values (55, 'Employee Support Assistant I', 1, 3, 4, 21, 0, 0, 'Lorem ipsum dolor sit amet, consectetur adipiscing elit, sed do eiusmod tempor incididunt ut labore et dolore magna aliqua. Ut enim ad minim veniam, quis nostrud exercitation ullamco laboris nisi.');
insert into jobPosition (positionID, name, divID, deptID, companyID, jobTypeID, availability, reported, description) values (56, 'Employee Support Assistant II', 1, 3, 4, 21, 0, 0, 'Lorem ipsum dolor sit amet, consectetur adipiscing elit, sed do eiusmod tempor incididunt ut labore et dolore magna aliqua. Ut enim ad minim veniam, quis nostrud exercitation ullamco laboris nisi.');
insert into jobPosition (positionID, name, divID, deptID, companyID, jobTypeID, availability, reported, description) values (57, 'Customer Support Rep', 2, 3, 4, 11, 0, 0, 'Lorem ipsum dolor sit amet, consectetur adipiscing elit, sed do eiusmod tempor incididunt ut labore et dolore magna aliqua. Ut enim ad minim veniam, quis nostrud exercitation ullamco laboris nisi.');
insert into jobPosition (positionID, name, divID, deptID, companyID, jobTypeID, availability, reported, description) values (58, 'Customer Support Tech', 2, 3, 4, 22, 0, 0, 'Lorem ipsum dolor sit amet, consectetur adipiscing elit, sed do eiusmod tempor incididunt ut labore et dolore magna aliqua. Ut enim ad minim veniam, quis nostrud exercitation ullamco laboris nisi.');
insert into jobPosition (positionID, name, divID, deptID, companyID, jobTypeID, availability, reported, description) values (59, 'HR Worker', 1, 4, 4, 3, 0, 0, 'Lorem ipsum dolor sit amet, consectetur adipiscing elit, sed do eiusmod tempor incididunt ut labore et dolore magna aliqua. Ut enim ad minim veniam, quis nostrud exercitation ullamco laboris nisi.');
insert into jobPosition (positionID, name, divID, deptID, companyID, jobTypeID, availability, reported, description) values (60, 'HR Manager', 1, 4, 4, 10, 0, 0, 'Lorem ipsum dolor sit amet, consectetur adipiscing elit, sed do eiusmod tempor incididunt ut labore et dolore magna aliqua. Ut enim ad minim veniam, quis nostrud exercitation ullamco laboris nisi.');
insert into jobPosition (positionID, name, divID, deptID, companyID, jobTypeID, availability, reported, description) values (61, 'HR Rep I', 2, 4, 4, 3, 0, 0, 'Lorem ipsum dolor sit amet, consectetur adipiscing elit, sed do eiusmod tempor incididunt ut labore et dolore magna aliqua. Ut enim ad minim veniam, quis nostrud exercitation ullamco laboris nisi.');
insert into jobPosition (positionID, name, divID, deptID, companyID, jobTypeID, availability, reported, description) values (62, 'HR Rep II', 2, 4, 4, 3, 0, 0, 'Lorem ipsum dolor sit amet, consectetur adipiscing elit, sed do eiusmod tempor incididunt ut labore et dolore magna aliqua. Ut enim ad minim veniam, quis nostrud exercitation ullamco laboris nisi.');
insert into jobPosition (positionID, name, divID, deptID, companyID, jobTypeID, availability, reported, description) values (63, 'Consumer Analyst I', 1, 1, 5, 18, 0, 0, 'Lorem ipsum dolor sit amet, consectetur adipiscing elit, sed do eiusmod tempor incididunt ut labore et dolore magna aliqua. Ut enim ad minim veniam, quis nostrud exercitation ullamco laboris nisi.');
insert into jobPosition (positionID, name, divID, deptID, companyID, jobTypeID, availability, reported, description) values (64, 'Consumer Analyst II', 1, 1, 5, 18, 0, 0, 'Lorem ipsum dolor sit amet, consectetur adipiscing elit, sed do eiusmod tempor incididunt ut labore et dolore magna aliqua. Ut enim ad minim veniam, quis nostrud exercitation ullamco laboris nisi.');
insert into jobPosition (positionID, name, divID, deptID, companyID, jobTypeID, availability, reported, description) values (65, 'HR Representative I', 1, 2, 5, 3, 0, 0, 'Lorem ipsum dolor sit amet, consectetur adipiscing elit, sed do eiusmod tempor incididunt ut labore et dolore magna aliqua. Ut enim ad minim veniam, quis nostrud exercitation ullamco laboris nisi.');
insert into jobPosition (positionID, name, divID, deptID, companyID, jobTypeID, availability, reported, description) values (66, 'HR Representative II', 1, 2, 5, 3, 0, 0, 'Lorem ipsum dolor sit amet, consectetur adipiscing elit, sed do eiusmod tempor incididunt ut labore et dolore magna aliqua. Ut enim ad minim veniam, quis nostrud exercitation ullamco laboris nisi.');
insert into jobPosition (positionID, name, divID, deptID, companyID, jobTypeID, availability, reported, description) values (67, 'Safety Manager', 2, 2, 5, 19, 0, 0, 'Lorem ipsum dolor sit amet, consectetur adipiscing elit, sed do eiusmod tempor incididunt ut labore et dolore magna aliqua. Ut enim ad minim veniam, quis nostrud exercitation ullamco laboris nisi.');
insert into jobPosition (positionID, name, divID, deptID, companyID, jobTypeID, availability, reported, description) values (68, 'Safety Advisor', 2, 2, 5, 19, 0, 0, 'Lorem ipsum dolor sit amet, consectetur adipiscing elit, sed do eiusmod tempor incididunt ut labore et dolore magna aliqua. Ut enim ad minim veniam, quis nostrud exercitation ullamco laboris nisi.');
insert into jobPosition (positionID, name, divID, deptID, companyID, jobTypeID, availability, reported, description) values (69, 'Delivery Driver', 1, 3, 5, 12, 0, 0, 'Lorem ipsum dolor sit amet, consectetur adipiscing elit, sed do eiusmod tempor incididunt ut labore et dolore magna aliqua. Ut enim ad minim veniam, quis nostrud exercitation ullamco laboris nisi.');
insert into jobPosition (positionID, name, divID, deptID, companyID, jobTypeID, availability, reported, description) values (70, 'Truck Loader', 1, 3, 5, 13, 0, 0, 'Lorem ipsum dolor sit amet, consectetur adipiscing elit, sed do eiusmod tempor incididunt ut labore et dolore magna aliqua. Ut enim ad minim veniam, quis nostrud exercitation ullamco laboris nisi.');
insert into jobPosition (positionID, name, divID, deptID, companyID, jobTypeID, availability, reported, description) values (71, 'Safety Adviser I', 2, 3, 5, 19, 0, 0, 'Lorem ipsum dolor sit amet, consectetur adipiscing elit, sed do eiusmod tempor incididunt ut labore et dolore magna aliqua. Ut enim ad minim veniam, quis nostrud exercitation ullamco laboris nisi.');
insert into jobPosition (positionID, name, divID, deptID, companyID, jobTypeID, availability, reported, description) values (72, 'Safety Adviser II', 2, 3, 5, 19, 0, 0, 'Lorem ipsum dolor sit amet, consectetur adipiscing elit, sed do eiusmod tempor incididunt ut labore et dolore magna aliqua. Ut enim ad minim veniam, quis nostrud exercitation ullamco laboris nisi.');
insert into jobPosition (positionID, name, divID, deptID, companyID, jobTypeID, availability, reported, description) values (73, 'Storage Organizer', 3, 3, 5, 13, 0, 0, 'Lorem ipsum dolor sit amet, consectetur adipiscing elit, sed do eiusmod tempor incididunt ut labore et dolore magna aliqua. Ut enim ad minim veniam, quis nostrud exercitation ullamco laboris nisi.');
insert into jobPosition (positionID, name, divID, deptID, companyID, jobTypeID, availability, reported, description) values (74, 'Storage Manager', 3, 3, 5, 13, 0, 0, 'Lorem ipsum dolor sit amet, consectetur adipiscing elit, sed do eiusmod tempor incididunt ut labore et dolore magna aliqua. Ut enim ad minim veniam, quis nostrud exercitation ullamco laboris nisi.');
insert into jobPosition (positionID, name, divID, deptID, companyID, jobTypeID, availability, reported, description) values (75, 'Sales Manager', 1, 4, 5, 16, 0, 0, 'Lorem ipsum dolor sit amet, consectetur adipiscing elit, sed do eiusmod tempor incididunt ut labore et dolore magna aliqua. Ut enim ad minim veniam, quis nostrud exercitation ullamco laboris nisi.');
insert into jobPosition (positionID, name, divID, deptID, companyID, jobTypeID, availability, reported, description) values (76, 'Salesman', 1, 4, 5, 14, 0, 0, 'Lorem ipsum dolor sit amet, consectetur adipiscing elit, sed do eiusmod tempor incididunt ut labore et dolore magna aliqua. Ut enim ad minim veniam, quis nostrud exercitation ullamco laboris nisi.');
insert into jobPosition (positionID, name, divID, deptID, companyID, jobTypeID, availability, reported, description) values (77, 'Salesman I', 2, 4, 5, 14, 0, 0, 'Lorem ipsum dolor sit amet, consectetur adipiscing elit, sed do eiusmod tempor incididunt ut labore et dolore magna aliqua. Ut enim ad minim veniam, quis nostrud exercitation ullamco laboris nisi.');
insert into jobPosition (positionID, name, divID, deptID, companyID, jobTypeID, availability, reported, description) values (78, 'Salesman II', 2, 4, 5, 14, 0, 0, 'Lorem ipsum dolor sit amet, consectetur adipiscing elit, sed do eiusmod tempor incididunt ut labore et dolore magna aliqua. Ut enim ad minim veniam, quis nostrud exercitation ullamco laboris nisi.');
insert into jobPosition (positionID, name, divID, deptID, companyID, jobTypeID, availability, reported, description) values (79, 'Statistician I', 1, 5, 5, 18, 0, 0, 'Lorem ipsum dolor sit amet, consectetur adipiscing elit, sed do eiusmod tempor incididunt ut labore et dolore magna aliqua. Ut enim ad minim veniam, quis nostrud exercitation ullamco laboris nisi.');
insert into jobPosition (positionID, name, divID, deptID, companyID, jobTypeID, availability, reported, description) values (80, 'Statistician II', 1, 5, 5, 18, 0, 0, 'Lorem ipsum dolor sit amet, consectetur adipiscing elit, sed do eiusmod tempor incididunt ut labore et dolore magna aliqua. Ut enim ad minim veniam, quis nostrud exercitation ullamco laboris nisi.');
insert into jobPosition (positionID, name, divID, deptID, companyID, jobTypeID, availability, reported, description) values (81, 'Product Analyst I', 2, 5, 5, 20, 0, 0, 'Lorem ipsum dolor sit amet, consectetur adipiscing elit, sed do eiusmod tempor incididunt ut labore et dolore magna aliqua. Ut enim ad minim veniam, quis nostrud exercitation ullamco laboris nisi.');
insert into jobPosition (positionID, name, divID, deptID, companyID, jobTypeID, availability, reported, description) values (82, 'Product Analyst II', 2, 5, 5, 20, 0, 0, 'Lorem ipsum dolor sit amet, consectetur adipiscing elit, sed do eiusmod tempor incididunt ut labore et dolore magna aliqua. Ut enim ad minim veniam, quis nostrud exercitation ullamco laboris nisi.');
insert into jobPosition (positionID, name, divID, deptID, companyID, jobTypeID, availability, reported, description) values (83, 'Customer Service Rep', 1, 1, 6, 4, 0, 0, 'Lorem ipsum dolor sit amet, consectetur adipiscing elit, sed do eiusmod tempor incididunt ut labore et dolore magna aliqua. Ut enim ad minim veniam, quis nostrud exercitation ullamco laboris nisi.');
insert into jobPosition (positionID, name, divID, deptID, companyID, jobTypeID, availability, reported, description) values (84, 'Consumer Analyst', 1, 1, 6, 18, 0, 0, 'Lorem ipsum dolor sit amet, consectetur adipiscing elit, sed do eiusmod tempor incididunt ut labore et dolore magna aliqua. Ut enim ad minim veniam, quis nostrud exercitation ullamco laboris nisi.');
insert into jobPosition (positionID, name, divID, deptID, companyID, jobTypeID, availability, reported, description) values (85, 'Senior Management Service Worker', 2, 1, 6, 20, 0, 0, 'Lorem ipsum dolor sit amet, consectetur adipiscing elit, sed do eiusmod tempor incididunt ut labore et dolore magna aliqua. Ut enim ad minim veniam, quis nostrud exercitation ullamco laboris nisi.');
insert into jobPosition (positionID, name, divID, deptID, companyID, jobTypeID, availability, reported, description) values (86, 'Management Service Worker', 2, 1, 6, 21, 0, 0, 'Lorem ipsum dolor sit amet, consectetur adipiscing elit, sed do eiusmod tempor incididunt ut labore et dolore magna aliqua. Ut enim ad minim veniam, quis nostrud exercitation ullamco laboris nisi.');
insert into jobPosition (positionID, name, divID, deptID, companyID, jobTypeID, availability, reported, description) values (87, 'Employee Service Worker I', 3, 1, 6, 21, 0, 0, 'Lorem ipsum dolor sit amet, consectetur adipiscing elit, sed do eiusmod tempor incididunt ut labore et dolore magna aliqua. Ut enim ad minim veniam, quis nostrud exercitation ullamco laboris nisi.');
insert into jobPosition (positionID, name, divID, deptID, companyID, jobTypeID, availability, reported, description) values (88, 'Employee Service Worker II', 3, 1, 6, 21, 0, 0, 'Lorem ipsum dolor sit amet, consectetur adipiscing elit, sed do eiusmod tempor incididunt ut labore et dolore magna aliqua. Ut enim ad minim veniam, quis nostrud exercitation ullamco laboris nisi.');
insert into jobPosition (positionID, name, divID, deptID, companyID, jobTypeID, availability, reported, description) values (89, 'Marketing Analyst', 1, 1, 7, 2, 0, 0, 'Lorem ipsum dolor sit amet, consectetur adipiscing elit, sed do eiusmod tempor incididunt ut labore et dolore magna aliqua. Ut enim ad minim veniam, quis nostrud exercitation ullamco laboris nisi.');
insert into jobPosition (positionID, name, divID, deptID, companyID, jobTypeID, availability, reported, description) values (90, 'Sales Analyst', 1, 1, 7, 1, 0, 0, 'Lorem ipsum dolor sit amet, consectetur adipiscing elit, sed do eiusmod tempor incididunt ut labore et dolore magna aliqua. Ut enim ad minim veniam, quis nostrud exercitation ullamco laboris nisi.');
insert into jobPosition (positionID, name, divID, deptID, companyID, jobTypeID, availability, reported, description) values (91, 'New Employee Trainer I', 1, 2, 7, 24, 0, 0, 'Lorem ipsum dolor sit amet, consectetur adipiscing elit, sed do eiusmod tempor incididunt ut labore et dolore magna aliqua. Ut enim ad minim veniam, quis nostrud exercitation ullamco laboris nisi.');
insert into jobPosition (positionID, name, divID, deptID, companyID, jobTypeID, availability, reported, description) values (92, 'New Employee Trainer II', 1, 2, 7, 24, 0, 0, 'Lorem ipsum dolor sit amet, consectetur adipiscing elit, sed do eiusmod tempor incididunt ut labore et dolore magna aliqua. Ut enim ad minim veniam, quis nostrud exercitation ullamco laboris nisi.');
insert into jobPosition (positionID, name, divID, deptID, companyID, jobTypeID, availability, reported, description) values (93, 'Employee Trainer I', 2, 2, 7, 24, 0, 0, 'Lorem ipsum dolor sit amet, consectetur adipiscing elit, sed do eiusmod tempor incididunt ut labore et dolore magna aliqua. Ut enim ad minim veniam, quis nostrud exercitation ullamco laboris nisi.');
insert into jobPosition (positionID, name, divID, deptID, companyID, jobTypeID, availability, reported, description) values (94, 'Employee Trainer II', 2, 2, 7, 24, 0, 0, 'Lorem ipsum dolor sit amet, consectetur adipiscing elit, sed do eiusmod tempor incididunt ut labore et dolore magna aliqua. Ut enim ad minim veniam, quis nostrud exercitation ullamco laboris nisi.');
insert into jobPosition (positionID, name, divID, deptID, companyID, jobTypeID, availability, reported, description) values (95, 'Product Manager', 1, 3, 7, 15, 0, 0, 'Lorem ipsum dolor sit amet, consectetur adipiscing elit, sed do eiusmod tempor incididunt ut labore et dolore magna aliqua. Ut enim ad minim veniam, quis nostrud exercitation ullamco laboris nisi.');
insert into jobPosition (positionID, name, divID, deptID, companyID, jobTypeID, availability, reported, description) values (96, 'Product Software Engineer', 1, 3, 7, 23, 0, 0, 'Lorem ipsum dolor sit amet, consectetur adipiscing elit, sed do eiusmod tempor incididunt ut labore et dolore magna aliqua. Ut enim ad minim veniam, quis nostrud exercitation ullamco laboris nisi.');
insert into jobPosition (positionID, name, divID, deptID, companyID, jobTypeID, availability, reported, description) values (97, 'PR Worker', 2, 3, 7, 17, 0, 0, 'Lorem ipsum dolor sit amet, consectetur adipiscing elit, sed do eiusmod tempor incididunt ut labore et dolore magna aliqua. Ut enim ad minim veniam, quis nostrud exercitation ullamco laboris nisi.');
insert into jobPosition (positionID, name, divID, deptID, companyID, jobTypeID, availability, reported, description) values (98, 'Marketing Assistant', 2, 3, 7, 17, 0, 0, 'Lorem ipsum dolor sit amet, consectetur adipiscing elit, sed do eiusmod tempor incididunt ut labore et dolore magna aliqua. Ut enim ad minim veniam, quis nostrud exercitation ullamco laboris nisi.');
insert into jobPosition (positionID, name, divID, deptID, companyID, jobTypeID, availability, reported, description) values (99, 'HR Head', 1, 4, 7, 10, 0, 0, 'Lorem ipsum dolor sit amet, consectetur adipiscing elit, sed do eiusmod tempor incididunt ut labore et dolore magna aliqua. Ut enim ad minim veniam, quis nostrud exercitation ullamco laboris nisi.');
insert into jobPosition (positionID, name, divID, deptID, companyID, jobTypeID, availability, reported, description) values (100, 'HR Assistant', 1, 4, 7, 3, 0, 0, 'Lorem ipsum dolor sit amet, consectetur adipiscing elit, sed do eiusmod tempor incididunt ut labore et dolore magna aliqua. Ut enim ad minim veniam, quis nostrud exercitation ullamco laboris nisi.');
insert into jobPosition (positionID, name, divID, deptID, companyID, jobTypeID, availability, reported, description) values (101, 'Electrical Engineer I', 1, 1, 8, 6, 0, 0, 'Lorem ipsum dolor sit amet, consectetur adipiscing elit, sed do eiusmod tempor incididunt ut labore et dolore magna aliqua. Ut enim ad minim veniam, quis nostrud exercitation ullamco laboris nisi.');
insert into jobPosition (positionID, name, divID, deptID, companyID, jobTypeID, availability, reported, description) values (102, 'Electrical Engineer II', 1, 1, 8, 6, 0, 0, 'Lorem ipsum dolor sit amet, consectetur adipiscing elit, sed do eiusmod tempor incididunt ut labore et dolore magna aliqua. Ut enim ad minim veniam, quis nostrud exercitation ullamco laboris nisi.');
insert into jobPosition (positionID, name, divID, deptID, companyID, jobTypeID, availability, reported, description) values (103, 'Civil Engineer I', 2, 1, 8, 7, 0, 0, 'Lorem ipsum dolor sit amet, consectetur adipiscing elit, sed do eiusmod tempor incididunt ut labore et dolore magna aliqua. Ut enim ad minim veniam, quis nostrud exercitation ullamco laboris nisi.');
insert into jobPosition (positionID, name, divID, deptID, companyID, jobTypeID, availability, reported, description) values (104, 'Civil Engineer II', 2, 1, 8, 7, 0, 0, 'Lorem ipsum dolor sit amet, consectetur adipiscing elit, sed do eiusmod tempor incididunt ut labore et dolore magna aliqua. Ut enim ad minim veniam, quis nostrud exercitation ullamco laboris nisi.');
insert into jobPosition (positionID, name, divID, deptID, companyID, jobTypeID, availability, reported, description) values (105, 'Mechanical Engineer I', 3, 1, 8, 5, 0, 0, 'Lorem ipsum dolor sit amet, consectetur adipiscing elit, sed do eiusmod tempor incididunt ut labore et dolore magna aliqua. Ut enim ad minim veniam, quis nostrud exercitation ullamco laboris nisi.');
insert into jobPosition (positionID, name, divID, deptID, companyID, jobTypeID, availability, reported, description) values (106, 'Mechanical Engineer II', 3, 1, 8, 6, 0, 0, 'Lorem ipsum dolor sit amet, consectetur adipiscing elit, sed do eiusmod tempor incididunt ut labore et dolore magna aliqua. Ut enim ad minim veniam, quis nostrud exercitation ullamco laboris nisi.');
insert into jobPosition (positionID, name, divID, deptID, companyID, jobTypeID, availability, reported, description) values (107, 'Senior Analyst', 1, 2, 8, 20, 0, 0, 'Lorem ipsum dolor sit amet, consectetur adipiscing elit, sed do eiusmod tempor incididunt ut labore et dolore magna aliqua. Ut enim ad minim veniam, quis nostrud exercitation ullamco laboris nisi.');
insert into jobPosition (positionID, name, divID, deptID, companyID, jobTypeID, availability, reported, description) values (108, 'Consumer Analyst', 1, 2, 8, 18, 0, 0, 'Lorem ipsum dolor sit amet, consectetur adipiscing elit, sed do eiusmod tempor incididunt ut labore et dolore magna aliqua. Ut enim ad minim veniam, quis nostrud exercitation ullamco laboris nisi.');
insert into jobPosition (positionID, name, divID, deptID, companyID, jobTypeID, availability, reported, description) values (109, 'Product Designer I', 2, 2, 8, 25, 0, 0, 'Lorem ipsum dolor sit amet, consectetur adipiscing elit, sed do eiusmod tempor incididunt ut labore et dolore magna aliqua. Ut enim ad minim veniam, quis nostrud exercitation ullamco laboris nisi.');
insert into jobPosition (positionID, name, divID, deptID, companyID, jobTypeID, availability, reported, description) values (110, 'Product Designer II', 2, 2, 8, 25, 0, 0, 'Lorem ipsum dolor sit amet, consectetur adipiscing elit, sed do eiusmod tempor incididunt ut labore et dolore magna aliqua. Ut enim ad minim veniam, quis nostrud exercitation ullamco laboris nisi.');
insert into jobPosition (positionID, name, divID, deptID, companyID, jobTypeID, availability, reported, description) values (111, 'Aviation Engineer I', 3, 2, 8, 5, 0, 0, 'Lorem ipsum dolor sit amet, consectetur adipiscing elit, sed do eiusmod tempor incididunt ut labore et dolore magna aliqua. Ut enim ad minim veniam, quis nostrud exercitation ullamco laboris nisi.');
insert into jobPosition (positionID, name, divID, deptID, companyID, jobTypeID, availability, reported, description) values (112, 'Aviation Engineer II', 3, 2, 8, 5, 0, 0, 'Lorem ipsum dolor sit amet, consectetur adipiscing elit, sed do eiusmod tempor incididunt ut labore et dolore magna aliqua. Ut enim ad minim veniam, quis nostrud exercitation ullamco laboris nisi.');
insert into jobPosition (positionID, name, divID, deptID, companyID, jobTypeID, availability, reported, description) values (113, 'Senior Analyst', 1, 1, 9, 1, 0, 0, 'Lorem ipsum dolor sit amet, consectetur adipiscing elit, sed do eiusmod tempor incididunt ut labore et dolore magna aliqua. Ut enim ad minim veniam, quis nostrud exercitation ullamco laboris nisi.');
insert into jobPosition (positionID, name, divID, deptID, companyID, jobTypeID, availability, reported, description) values (114, 'Assistant Analyst', 1, 1, 9, 18, 0, 0, 'Lorem ipsum dolor sit amet, consectetur adipiscing elit, sed do eiusmod tempor incididunt ut labore et dolore magna aliqua. Ut enim ad minim veniam, quis nostrud exercitation ullamco laboris nisi.');
insert into jobPosition (positionID, name, divID, deptID, companyID, jobTypeID, availability, reported, description) values (115, 'Product Management Worker I', 2, 1, 9, 15, 0, 0, 'Lorem ipsum dolor sit amet, consectetur adipiscing elit, sed do eiusmod tempor incididunt ut labore et dolore magna aliqua. Ut enim ad minim veniam, quis nostrud exercitation ullamco laboris nisi.');
insert into jobPosition (positionID, name, divID, deptID, companyID, jobTypeID, availability, reported, description) values (116, 'Product Management Worker II', 2, 1, 9, 15, 0, 0, 'Lorem ipsum dolor sit amet, consectetur adipiscing elit, sed do eiusmod tempor incididunt ut labore et dolore magna aliqua. Ut enim ad minim veniam, quis nostrud exercitation ullamco laboris nisi.');
insert into jobPosition (positionID, name, divID, deptID, companyID, jobTypeID, availability, reported, description) values (117, 'Delivery Driver I', 3, 1, 9, 12, 0, 0, 'Lorem ipsum dolor sit amet, consectetur adipiscing elit, sed do eiusmod tempor incididunt ut labore et dolore magna aliqua. Ut enim ad minim veniam, quis nostrud exercitation ullamco laboris nisi.');
insert into jobPosition (positionID, name, divID, deptID, companyID, jobTypeID, availability, reported, description) values (118, 'Delivery Driver II', 3, 1, 9, 12, 0, 0, 'Lorem ipsum dolor sit amet, consectetur adipiscing elit, sed do eiusmod tempor incididunt ut labore et dolore magna aliqua. Ut enim ad minim veniam, quis nostrud exercitation ullamco laboris nisi.');
insert into jobPosition (positionID, name, divID, deptID, companyID, jobTypeID, availability, reported, description) values (119, 'Warehouse Manager', 4, 1, 9, 13, 0, 0, 'Lorem ipsum dolor sit amet, consectetur adipiscing elit, sed do eiusmod tempor incididunt ut labore et dolore magna aliqua. Ut enim ad minim veniam, quis nostrud exercitation ullamco laboris nisi.');
insert into jobPosition (positionID, name, divID, deptID, companyID, jobTypeID, availability, reported, description) values (120, 'Warehouse Assistant', 4, 1, 9, 13, 0, 0, 'Lorem ipsum dolor sit amet, consectetur adipiscing elit, sed do eiusmod tempor incididunt ut labore et dolore magna aliqua. Ut enim ad minim veniam, quis nostrud exercitation ullamco laboris nisi.');
insert into jobPosition (positionID, name, divID, deptID, companyID, jobTypeID, availability, reported, description) values (121, 'Customer Support Rep I', 1, 1, 10, 4, 0, 0, 'Lorem ipsum dolor sit amet, consectetur adipiscing elit, sed do eiusmod tempor incididunt ut labore et dolore magna aliqua. Ut enim ad minim veniam, quis nostrud exercitation ullamco laboris nisi.');
insert into jobPosition (positionID, name, divID, deptID, companyID, jobTypeID, availability, reported, description) values (122, 'Customer Support Rep II', 1, 1, 10, 4, 0, 0, 'Lorem ipsum dolor sit amet, consectetur adipiscing elit, sed do eiusmod tempor incididunt ut labore et dolore magna aliqua. Ut enim ad minim veniam, quis nostrud exercitation ullamco laboris nisi.');
insert into jobPosition (positionID, name, divID, deptID, companyID, jobTypeID, availability, reported, description) values (123, 'Customer Support Rep III', 2, 1, 10, 4, 0, 0, 'Lorem ipsum dolor sit amet, consectetur adipiscing elit, sed do eiusmod tempor incididunt ut labore et dolore magna aliqua. Ut enim ad minim veniam, quis nostrud exercitation ullamco laboris nisi.');
insert into jobPosition (positionID, name, divID, deptID, companyID, jobTypeID, availability, reported, description) values (124, 'Customer Support Rep IV', 2, 1, 10, 4, 0, 0, 'Lorem ipsum dolor sit amet, consectetur adipiscing elit, sed do eiusmod tempor incididunt ut labore et dolore magna aliqua. Ut enim ad minim veniam, quis nostrud exercitation ullamco laboris nisi.');
insert into jobPosition (positionID, name, divID, deptID, companyID, jobTypeID, availability, reported, description) values (125, 'HR Worker I', 1, 2, 10, 3, 0, 0, 'Lorem ipsum dolor sit amet, consectetur adipiscing elit, sed do eiusmod tempor incididunt ut labore et dolore magna aliqua. Ut enim ad minim veniam, quis nostrud exercitation ullamco laboris nisi.');
insert into jobPosition (positionID, name, divID, deptID, companyID, jobTypeID, availability, reported, description) values (126, 'HR Worker II', 1, 2, 10, 3, 0, 0, 'Lorem ipsum dolor sit amet, consectetur adipiscing elit, sed do eiusmod tempor incididunt ut labore et dolore magna aliqua. Ut enim ad minim veniam, quis nostrud exercitation ullamco laboris nisi.');
insert into jobPosition (positionID, name, divID, deptID, companyID, jobTypeID, availability, reported, description) values (127, 'Safety Policies Worker I', 2, 2, 10, 19, 0, 0, 'Lorem ipsum dolor sit amet, consectetur adipiscing elit, sed do eiusmod tempor incididunt ut labore et dolore magna aliqua. Ut enim ad minim veniam, quis nostrud exercitation ullamco laboris nisi.');
insert into jobPosition (positionID, name, divID, deptID, companyID, jobTypeID, availability, reported, description) values (128, 'Safety Policies Worker II', 2, 2, 10, 19, 0, 0, 'Lorem ipsum dolor sit amet, consectetur adipiscing elit, sed do eiusmod tempor incididunt ut labore et dolore magna aliqua. Ut enim ad minim veniam, quis nostrud exercitation ullamco laboris nisi.');
insert into jobPosition (positionID, name, divID, deptID, companyID, jobTypeID, availability, reported, description) values (129, 'Senior Trainer', 3, 2, 10, 24, 0, 0, 'Lorem ipsum dolor sit amet, consectetur adipiscing elit, sed do eiusmod tempor incididunt ut labore et dolore magna aliqua. Ut enim ad minim veniam, quis nostrud exercitation ullamco laboris nisi.');
insert into jobPosition (positionID, name, divID, deptID, companyID, jobTypeID, availability, reported, description) values (130, 'Trainers Assistant', 3, 2, 10, 24, 0, 0, 'Lorem ipsum dolor sit amet, consectetur adipiscing elit, sed do eiusmod tempor incididunt ut labore et dolore magna aliqua. Ut enim ad minim veniam, quis nostrud exercitation ullamco laboris nisi.');
insert into jobPosition (positionID, name, divID, deptID, companyID, jobTypeID, availability, reported, description) values (131, 'Safety Expert I', 1, 3, 10, 19, 0, 0, 'Lorem ipsum dolor sit amet, consectetur adipiscing elit, sed do eiusmod tempor incididunt ut labore et dolore magna aliqua. Ut enim ad minim veniam, quis nostrud exercitation ullamco laboris nisi.');
insert into jobPosition (positionID, name, divID, deptID, companyID, jobTypeID, availability, reported, description) values (132, 'Safety Expert II', 1, 3, 10, 19, 0, 0, 'Lorem ipsum dolor sit amet, consectetur adipiscing elit, sed do eiusmod tempor incididunt ut labore et dolore magna aliqua. Ut enim ad minim veniam, quis nostrud exercitation ullamco laboris nisi.');
insert into jobPosition (positionID, name, divID, deptID, companyID, jobTypeID, availability, reported, description) values (133, 'Staff Trainer I', 2, 3, 10, 24, 0, 0, 'Lorem ipsum dolor sit amet, consectetur adipiscing elit, sed do eiusmod tempor incididunt ut labore et dolore magna aliqua. Ut enim ad minim veniam, quis nostrud exercitation ullamco laboris nisi.');
insert into jobPosition (positionID, name, divID, deptID, companyID, jobTypeID, availability, reported, description) values (134, 'Staff Trainer II', 2, 3, 10, 24, 0, 0, 'Lorem ipsum dolor sit amet, consectetur adipiscing elit, sed do eiusmod tempor incididunt ut labore et dolore magna aliqua. Ut enim ad minim veniam, quis nostrud exercitation ullamco laboris nisi.');
insert into jobPosition (positionID, name, divID, deptID, companyID, jobTypeID, availability, reported, description) values (135, 'Management Trainer I', 3, 3, 10, 24, 0, 0, 'Lorem ipsum dolor sit amet, consectetur adipiscing elit, sed do eiusmod tempor incididunt ut labore et dolore magna aliqua. Ut enim ad minim veniam, quis nostrud exercitation ullamco laboris nisi.');
insert into jobPosition (positionID, name, divID, deptID, companyID, jobTypeID, availability, reported, description) values (136, 'Management Trainer II', 3, 3, 10, 24, 0, 0, 'Lorem ipsum dolor sit amet, consectetur adipiscing elit, sed do eiusmod tempor incididunt ut labore et dolore magna aliqua. Ut enim ad minim veniam, quis nostrud exercitation ullamco laboris nisi.');
insert into jobPosition (positionID, name, divID, deptID, companyID, jobTypeID, availability, reported, description) values (137, 'Analyst I', 1, 4, 10, 2, 0, 0, 'Lorem ipsum dolor sit amet, consectetur adipiscing elit, sed do eiusmod tempor incididunt ut labore et dolore magna aliqua. Ut enim ad minim veniam, quis nostrud exercitation ullamco laboris nisi.');
insert into jobPosition (positionID, name, divID, deptID, companyID, jobTypeID, availability, reported, description) values (138, 'Analyst II', 1, 4, 10, 18, 0, 0, 'Lorem ipsum dolor sit amet, consectetur adipiscing elit, sed do eiusmod tempor incididunt ut labore et dolore magna aliqua. Ut enim ad minim veniam, quis nostrud exercitation ullamco laboris nisi.');
insert into jobPosition (positionID, name, divID, deptID, companyID, jobTypeID, availability, reported, description) values (139, 'Product Manager', 2, 4, 10, 25, 0, 0, 'Lorem ipsum dolor sit amet, consectetur adipiscing elit, sed do eiusmod tempor incididunt ut labore et dolore magna aliqua. Ut enim ad minim veniam, quis nostrud exercitation ullamco laboris nisi.');
insert into jobPosition (positionID, name, divID, deptID, companyID, jobTypeID, availability, reported, description) values (140, 'Production Worker', 2, 4, 10, 25, 0, 0, 'Lorem ipsum dolor sit amet, consectetur adipiscing elit, sed do eiusmod tempor incididunt ut labore et dolore magna aliqua. Ut enim ad minim veniam, quis nostrud exercitation ullamco laboris nisi.');
insert into jobPosition (positionID, name, divID, deptID, companyID, jobTypeID, availability, reported, description) values (141, 'Researcher I', 3, 4, 10, 8, 0, 0, 'Lorem ipsum dolor sit amet, consectetur adipiscing elit, sed do eiusmod tempor incididunt ut labore et dolore magna aliqua. Ut enim ad minim veniam, quis nostrud exercitation ullamco laboris nisi.');
insert into jobPosition (positionID, name, divID, deptID, companyID, jobTypeID, availability, reported, description) values (142, 'Researcher II', 3, 4, 10, 9, 0, 0, 'Lorem ipsum dolor sit amet, consectetur adipiscing elit, sed do eiusmod tempor incididunt ut labore et dolore magna aliqua. Ut enim ad minim veniam, quis nostrud exercitation ullamco laboris nisi.');
insert into jobPosition (positionID, name, divID, deptID, companyID, jobTypeID, availability, reported, description) values (143, 'Lead Product Designer', 1, 1, 11, 25, 0, 0, 'Lorem ipsum dolor sit amet, consectetur adipiscing elit, sed do eiusmod tempor incididunt ut labore et dolore magna aliqua. Ut enim ad minim veniam, quis nostrud exercitation ullamco laboris nisi.');
insert into jobPosition (positionID, name, divID, deptID, companyID, jobTypeID, availability, reported, description) values (144, 'Production Assistant', 1, 1, 11, 25, 0, 0, 'Lorem ipsum dolor sit amet, consectetur adipiscing elit, sed do eiusmod tempor incididunt ut labore et dolore magna aliqua. Ut enim ad minim veniam, quis nostrud exercitation ullamco laboris nisi.');
insert into jobPosition (positionID, name, divID, deptID, companyID, jobTypeID, availability, reported, description) values (145, 'Consumer Analyst', 2, 1, 11, 18, 0, 0, 'Lorem ipsum dolor sit amet, consectetur adipiscing elit, sed do eiusmod tempor incididunt ut labore et dolore magna aliqua. Ut enim ad minim veniam, quis nostrud exercitation ullamco laboris nisi.');
insert into jobPosition (positionID, name, divID, deptID, companyID, jobTypeID, availability, reported, description) values (146, 'Analyst Adviser', 2, 1, 11, 20, 0, 0, 'Lorem ipsum dolor sit amet, consectetur adipiscing elit, sed do eiusmod tempor incididunt ut labore et dolore magna aliqua. Ut enim ad minim veniam, quis nostrud exercitation ullamco laboris nisi.');
insert into jobPosition (positionID, name, divID, deptID, companyID, jobTypeID, availability, reported, description) values (147, 'New Employee Trainer', 1, 2, 11, 24, 0, 0, 'Lorem ipsum dolor sit amet, consectetur adipiscing elit, sed do eiusmod tempor incididunt ut labore et dolore magna aliqua. Ut enim ad minim veniam, quis nostrud exercitation ullamco laboris nisi.');
insert into jobPosition (positionID, name, divID, deptID, companyID, jobTypeID, availability, reported, description) values (148, 'Policy Trainer', 1, 2, 11, 3, 0, 0, 'Lorem ipsum dolor sit amet, consectetur adipiscing elit, sed do eiusmod tempor incididunt ut labore et dolore magna aliqua. Ut enim ad minim veniam, quis nostrud exercitation ullamco laboris nisi.');
insert into jobPosition (positionID, name, divID, deptID, companyID, jobTypeID, availability, reported, description) values (149, 'Management Policy Trainer', 2, 2, 11, 10, 0, 0, 'Lorem ipsum dolor sit amet, consectetur adipiscing elit, sed do eiusmod tempor incididunt ut labore et dolore magna aliqua. Ut enim ad minim veniam, quis nostrud exercitation ullamco laboris nisi.');
insert into jobPosition (positionID, name, divID, deptID, companyID, jobTypeID, availability, reported, description) values (150, 'Management Policy Trainers Assistant', 2, 2, 11, 3, 0, 0, 'Lorem ipsum dolor sit amet, consectetur adipiscing elit, sed do eiusmod tempor incididunt ut labore et dolore magna aliqua. Ut enim ad minim veniam, quis nostrud exercitation ullamco laboris nisi.');
insert into jobPosition (positionID, name, divID, deptID, companyID, jobTypeID, availability, reported, description) values (151, 'Workers Safety Consultant', 3, 2, 11, 3, 0, 0, 'Lorem ipsum dolor sit amet, consectetur adipiscing elit, sed do eiusmod tempor incididunt ut labore et dolore magna aliqua. Ut enim ad minim veniam, quis nostrud exercitation ullamco laboris nisi.');
insert into jobPosition (positionID, name, divID, deptID, companyID, jobTypeID, availability, reported, description) values (152, 'Safety Advisor', 3, 2, 11, 19, 0, 0, 'Lorem ipsum dolor sit amet, consectetur adipiscing elit, sed do eiusmod tempor incididunt ut labore et dolore magna aliqua. Ut enim ad minim veniam, quis nostrud exercitation ullamco laboris nisi.');
insert into jobPosition (positionID, name, divID, deptID, companyID, jobTypeID, availability, reported, description) values (153, 'Marketing Manager', 1, 3, 11, 2, 0, 0, 'Lorem ipsum dolor sit amet, consectetur adipiscing elit, sed do eiusmod tempor incididunt ut labore et dolore magna aliqua. Ut enim ad minim veniam, quis nostrud exercitation ullamco laboris nisi.');
insert into jobPosition (positionID, name, divID, deptID, companyID, jobTypeID, availability, reported, description) values (154, 'Marketing Assistant', 1, 3, 11, 2, 0, 0, 'Lorem ipsum dolor sit amet, consectetur adipiscing elit, sed do eiusmod tempor incididunt ut labore et dolore magna aliqua. Ut enim ad minim veniam, quis nostrud exercitation ullamco laboris nisi.');
insert into jobPosition (positionID, name, divID, deptID, companyID, jobTypeID, availability, reported, description) values (155, 'Marketing Analysis Worker', 2, 3, 11, 3, 0, 0, 'Lorem ipsum dolor sit amet, consectetur adipiscing elit, sed do eiusmod tempor incididunt ut labore et dolore magna aliqua. Ut enim ad minim veniam, quis nostrud exercitation ullamco laboris nisi.');
insert into jobPosition (positionID, name, divID, deptID, companyID, jobTypeID, availability, reported, description) values (156, 'Consumer Marketing Worker', 2, 3, 11, 18, 0, 0, 'Lorem ipsum dolor sit amet, consectetur adipiscing elit, sed do eiusmod tempor incididunt ut labore et dolore magna aliqua. Ut enim ad minim veniam, quis nostrud exercitation ullamco laboris nisi.');
insert into jobPosition (positionID, name, divID, deptID, companyID, jobTypeID, availability, reported, description) values (157, 'Customer Service Rep', 1, 4, 11, 4, 0, 0, 'Lorem ipsum dolor sit amet, consectetur adipiscing elit, sed do eiusmod tempor incididunt ut labore et dolore magna aliqua. Ut enim ad minim veniam, quis nostrud exercitation ullamco laboris nisi.');
insert into jobPosition (positionID, name, divID, deptID, companyID, jobTypeID, availability, reported, description) values (158, 'Consumer Analyst', 1, 4, 11, 18, 0, 0, 'Lorem ipsum dolor sit amet, consectetur adipiscing elit, sed do eiusmod tempor incididunt ut labore et dolore magna aliqua. Ut enim ad minim veniam, quis nostrud exercitation ullamco laboris nisi.');
insert into jobPosition (positionID, name, divID, deptID, companyID, jobTypeID, availability, reported, description) values (159, 'Mechanical Engineer I', 1, 5, 11, 5, 0, 0, 'Lorem ipsum dolor sit amet, consectetur adipiscing elit, sed do eiusmod tempor incididunt ut labore et dolore magna aliqua. Ut enim ad minim veniam, quis nostrud exercitation ullamco laboris nisi.');
insert into jobPosition (positionID, name, divID, deptID, companyID, jobTypeID, availability, reported, description) values (160, 'Mechanical Engineer II', 1, 5, 11, 5, 0, 0, 'Lorem ipsum dolor sit amet, consectetur adipiscing elit, sed do eiusmod tempor incididunt ut labore et dolore magna aliqua. Ut enim ad minim veniam, quis nostrud exercitation ullamco laboris nisi.');
insert into jobPosition (positionID, name, divID, deptID, companyID, jobTypeID, availability, reported, description) values (161, 'Electrical Engineer I', 2, 5, 11, 6, 0, 0, 'Lorem ipsum dolor sit amet, consectetur adipiscing elit, sed do eiusmod tempor incididunt ut labore et dolore magna aliqua. Ut enim ad minim veniam, quis nostrud exercitation ullamco laboris nisi.');
insert into jobPosition (positionID, name, divID, deptID, companyID, jobTypeID, availability, reported, description) values (162, 'Electrical Engineer II', 2, 5, 11, 6, 0, 0, 'Lorem ipsum dolor sit amet, consectetur adipiscing elit, sed do eiusmod tempor incididunt ut labore et dolore magna aliqua. Ut enim ad minim veniam, quis nostrud exercitation ullamco laboris nisi.');
insert into jobPosition (positionID, name, divID, deptID, companyID, jobTypeID, availability, reported, description) values (163, 'Legal Advisor', 1, 6, 11, 20, 0, 0, 'Lorem ipsum dolor sit amet, consectetur adipiscing elit, sed do eiusmod tempor incididunt ut labore et dolore magna aliqua. Ut enim ad minim veniam, quis nostrud exercitation ullamco laboris nisi.');
insert into jobPosition (positionID, name, divID, deptID, companyID, jobTypeID, availability, reported, description) values (164, 'Legal Advisors Assistant', 1, 6, 11, 20, 0, 0, 'Lorem ipsum dolor sit amet, consectetur adipiscing elit, sed do eiusmod tempor incididunt ut labore et dolore magna aliqua. Ut enim ad minim veniam, quis nostrud exercitation ullamco laboris nisi.');
insert into jobPosition (positionID, name, divID, deptID, companyID, jobTypeID, availability, reported, description) values (165, 'Research Tech I', 2, 6, 11, 8, 0, 0, 'Lorem ipsum dolor sit amet, consectetur adipiscing elit, sed do eiusmod tempor incididunt ut labore et dolore magna aliqua. Ut enim ad minim veniam, quis nostrud exercitation ullamco laboris nisi.');
insert into jobPosition (positionID, name, divID, deptID, companyID, jobTypeID, availability, reported, description) values (166, 'Research Tech II', 2, 6, 11, 8, 0, 0, 'Lorem ipsum dolor sit amet, consectetur adipiscing elit, sed do eiusmod tempor incididunt ut labore et dolore magna aliqua. Ut enim ad minim veniam, quis nostrud exercitation ullamco laboris nisi.');
insert into jobPosition (positionID, name, divID, deptID, companyID, jobTypeID, availability, reported, description) values (167, 'Product Planning Committee Worker I', 3, 6, 11, 25, 0, 0, 'Lorem ipsum dolor sit amet, consectetur adipiscing elit, sed do eiusmod tempor incididunt ut labore et dolore magna aliqua. Ut enim ad minim veniam, quis nostrud exercitation ullamco laboris nisi.');
insert into jobPosition (positionID, name, divID, deptID, companyID, jobTypeID, availability, reported, description) values (168, 'Product Planning Committee Worker II', 3, 6, 11, 25, 0, 0, 'Lorem ipsum dolor sit amet, consectetur adipiscing elit, sed do eiusmod tempor incididunt ut labore et dolore magna aliqua. Ut enim ad minim veniam, quis nostrud exercitation ullamco laboris nisi.');
insert into jobPosition (positionID, name, divID, deptID, companyID, jobTypeID, availability, reported, description) values (169, 'Head of HR', 1, 1, 12, 10, 0, 0, 'Lorem ipsum dolor sit amet, consectetur adipiscing elit, sed do eiusmod tempor incididunt ut labore et dolore magna aliqua. Ut enim ad minim veniam, quis nostrud exercitation ullamco laboris nisi.');
insert into jobPosition (positionID, name, divID, deptID, companyID, jobTypeID, availability, reported, description) values (170, 'HR Worker I', 1, 1, 12, 3, 0, 0, 'Lorem ipsum dolor sit amet, consectetur adipiscing elit, sed do eiusmod tempor incididunt ut labore et dolore magna aliqua. Ut enim ad minim veniam, quis nostrud exercitation ullamco laboris nisi.');
insert into jobPosition (positionID, name, divID, deptID, companyID, jobTypeID, availability, reported, description) values (171, 'HR Worker II', 2, 1, 12, 3, 0, 0, 'Lorem ipsum dolor sit amet, consectetur adipiscing elit, sed do eiusmod tempor incididunt ut labore et dolore magna aliqua. Ut enim ad minim veniam, quis nostrud exercitation ullamco laboris nisi.');
insert into jobPosition (positionID, name, divID, deptID, companyID, jobTypeID, availability, reported, description) values (172, 'HR Worker III', 2, 1, 12, 3, 0, 0, 'Lorem ipsum dolor sit amet, consectetur adipiscing elit, sed do eiusmod tempor incididunt ut labore et dolore magna aliqua. Ut enim ad minim veniam, quis nostrud exercitation ullamco laboris nisi.');
insert into jobPosition (positionID, name, divID, deptID, companyID, jobTypeID, availability, reported, description) values (173, 'Company Safety Trainer', 3, 1, 12, 3, 0, 0, 'Lorem ipsum dolor sit amet, consectetur adipiscing elit, sed do eiusmod tempor incididunt ut labore et dolore magna aliqua. Ut enim ad minim veniam, quis nostrud exercitation ullamco laboris nisi.');
insert into jobPosition (positionID, name, divID, deptID, companyID, jobTypeID, availability, reported, description) values (174, 'Safety Consultant', 3, 1, 12, 19, 0, 0, 'Lorem ipsum dolor sit amet, consectetur adipiscing elit, sed do eiusmod tempor incididunt ut labore et dolore magna aliqua. Ut enim ad minim veniam, quis nostrud exercitation ullamco laboris nisi.');
insert into jobPosition (positionID, name, divID, deptID, companyID, jobTypeID, availability, reported, description) values (175, 'Management Trainer', 4, 1, 12, 3, 0, 0, 'Lorem ipsum dolor sit amet, consectetur adipiscing elit, sed do eiusmod tempor incididunt ut labore et dolore magna aliqua. Ut enim ad minim veniam, quis nostrud exercitation ullamco laboris nisi.');
insert into jobPosition (positionID, name, divID, deptID, companyID, jobTypeID, availability, reported, description) values (176, 'Training Consultant', 4, 1, 12, 24, 0, 0, 'Lorem ipsum dolor sit amet, consectetur adipiscing elit, sed do eiusmod tempor incididunt ut labore et dolore magna aliqua. Ut enim ad minim veniam, quis nostrud exercitation ullamco laboris nisi.');
insert into jobPosition (positionID, name, divID, deptID, companyID, jobTypeID, availability, reported, description) values (177, 'Analyst I', 1, 2, 12, 1, 0, 0, 'Lorem ipsum dolor sit amet, consectetur adipiscing elit, sed do eiusmod tempor incididunt ut labore et dolore magna aliqua. Ut enim ad minim veniam, quis nostrud exercitation ullamco laboris nisi.');
insert into jobPosition (positionID, name, divID, deptID, companyID, jobTypeID, availability, reported, description) values (178, 'Analyst II', 1, 2, 12, 2, 0, 0, 'Lorem ipsum dolor sit amet, consectetur adipiscing elit, sed do eiusmod tempor incididunt ut labore et dolore magna aliqua. Ut enim ad minim veniam, quis nostrud exercitation ullamco laboris nisi.');
insert into jobPosition (positionID, name, divID, deptID, companyID, jobTypeID, availability, reported, description) values (179, 'Consumer Analyst I', 2, 2, 12, 18, 0, 0, 'Lorem ipsum dolor sit amet, consectetur adipiscing elit, sed do eiusmod tempor incididunt ut labore et dolore magna aliqua. Ut enim ad minim veniam, quis nostrud exercitation ullamco laboris nisi.');
insert into jobPosition (positionID, name, divID, deptID, companyID, jobTypeID, availability, reported, description) values (180, 'Consumer Analyst II', 2, 2, 12, 18, 0, 0, 'Lorem ipsum dolor sit amet, consectetur adipiscing elit, sed do eiusmod tempor incididunt ut labore et dolore magna aliqua. Ut enim ad minim veniam, quis nostrud exercitation ullamco laboris nisi.');
insert into jobPosition (positionID, name, divID, deptID, companyID, jobTypeID, availability, reported, description) values (181, 'Product Design Lead', 3, 2, 12, 25, 0, 0, 'Lorem ipsum dolor sit amet, consectetur adipiscing elit, sed do eiusmod tempor incididunt ut labore et dolore magna aliqua. Ut enim ad minim veniam, quis nostrud exercitation ullamco laboris nisi.');
insert into jobPosition (positionID, name, divID, deptID, companyID, jobTypeID, availability, reported, description) values (182, 'Product Marketer', 3, 2, 12, 17, 0, 0, 'Lorem ipsum dolor sit amet, consectetur adipiscing elit, sed do eiusmod tempor incididunt ut labore et dolore magna aliqua. Ut enim ad minim veniam, quis nostrud exercitation ullamco laboris nisi.');
insert into jobPosition (positionID, name, divID, deptID, companyID, jobTypeID, availability, reported, description) values (183, 'Marketing Worker I', 1, 3, 12, 2, 0, 0, 'Lorem ipsum dolor sit amet, consectetur adipiscing elit, sed do eiusmod tempor incididunt ut labore et dolore magna aliqua. Ut enim ad minim veniam, quis nostrud exercitation ullamco laboris nisi.');
insert into jobPosition (positionID, name, divID, deptID, companyID, jobTypeID, availability, reported, description) values (184, 'Marketing Worker II', 1, 3, 12, 17, 0, 0, 'Lorem ipsum dolor sit amet, consectetur adipiscing elit, sed do eiusmod tempor incididunt ut labore et dolore magna aliqua. Ut enim ad minim veniam, quis nostrud exercitation ullamco laboris nisi.');
insert into jobPosition (positionID, name, divID, deptID, companyID, jobTypeID, availability, reported, description) values (185, 'Marketing Worker III', 2, 3, 12, 2, 0, 0, 'Lorem ipsum dolor sit amet, consectetur adipiscing elit, sed do eiusmod tempor incididunt ut labore et dolore magna aliqua. Ut enim ad minim veniam, quis nostrud exercitation ullamco laboris nisi.');
insert into jobPosition (positionID, name, divID, deptID, companyID, jobTypeID, availability, reported, description) values (186, 'Marketing Worker IV', 2, 3, 12, 17, 0, 0, 'Lorem ipsum dolor sit amet, consectetur adipiscing elit, sed do eiusmod tempor incididunt ut labore et dolore magna aliqua. Ut enim ad minim veniam, quis nostrud exercitation ullamco laboris nisi.');
insert into jobPosition (positionID, name, divID, deptID, companyID, jobTypeID, availability, reported, description) values (187, 'Financial Advisor', 1, 1, 13, 20, 0, 0, 'Lorem ipsum dolor sit amet, consectetur adipiscing elit, sed do eiusmod tempor incididunt ut labore et dolore magna aliqua. Ut enim ad minim veniam, quis nostrud exercitation ullamco laboris nisi.');
insert into jobPosition (positionID, name, divID, deptID, companyID, jobTypeID, availability, reported, description) values (188, 'Sales Advisor', 1, 1, 13, 16, 0, 0, 'Lorem ipsum dolor sit amet, consectetur adipiscing elit, sed do eiusmod tempor incididunt ut labore et dolore magna aliqua. Ut enim ad minim veniam, quis nostrud exercitation ullamco laboris nisi.');
insert into jobPosition (positionID, name, divID, deptID, companyID, jobTypeID, availability, reported, description) values (189, 'Product Designer', 2, 1, 13, 25, 0, 0, 'Lorem ipsum dolor sit amet, consectetur adipiscing elit, sed do eiusmod tempor incididunt ut labore et dolore magna aliqua. Ut enim ad minim veniam, quis nostrud exercitation ullamco laboris nisi.');
insert into jobPosition (positionID, name, divID, deptID, companyID, jobTypeID, availability, reported, description) values (190, 'Product Manager', 2, 1, 13, 15, 0, 0, 'Lorem ipsum dolor sit amet, consectetur adipiscing elit, sed do eiusmod tempor incididunt ut labore et dolore magna aliqua. Ut enim ad minim veniam, quis nostrud exercitation ullamco laboris nisi.');
insert into jobPosition (positionID, name, divID, deptID, companyID, jobTypeID, availability, reported, description) values (191, 'Storage Worker', 3, 1, 13, 13, 0, 0, 'Lorem ipsum dolor sit amet, consectetur adipiscing elit, sed do eiusmod tempor incididunt ut labore et dolore magna aliqua. Ut enim ad minim veniam, quis nostrud exercitation ullamco laboris nisi.');
insert into jobPosition (positionID, name, divID, deptID, companyID, jobTypeID, availability, reported, description) values (192, 'Delivery Truck Loader', 3, 1, 13, 13, 0, 0, 'Lorem ipsum dolor sit amet, consectetur adipiscing elit, sed do eiusmod tempor incididunt ut labore et dolore magna aliqua. Ut enim ad minim veniam, quis nostrud exercitation ullamco laboris nisi.');
insert into jobPosition (positionID, name, divID, deptID, companyID, jobTypeID, availability, reported, description) values (193, 'Sales Analyst I', 1, 2, 13, 16, 0, 0, 'Lorem ipsum dolor sit amet, consectetur adipiscing elit, sed do eiusmod tempor incididunt ut labore et dolore magna aliqua. Ut enim ad minim veniam, quis nostrud exercitation ullamco laboris nisi.');
insert into jobPosition (positionID, name, divID, deptID, companyID, jobTypeID, availability, reported, description) values (194, 'Sales Analyst II', 1, 2, 13, 1, 0, 0, 'Lorem ipsum dolor sit amet, consectetur adipiscing elit, sed do eiusmod tempor incididunt ut labore et dolore magna aliqua. Ut enim ad minim veniam, quis nostrud exercitation ullamco laboris nisi.');
insert into jobPosition (positionID, name, divID, deptID, companyID, jobTypeID, availability, reported, description) values (195, 'Sales Analyst III', 2, 2, 13, 1, 0, 0, 'Lorem ipsum dolor sit amet, consectetur adipiscing elit, sed do eiusmod tempor incididunt ut labore et dolore magna aliqua. Ut enim ad minim veniam, quis nostrud exercitation ullamco laboris nisi.');
insert into jobPosition (positionID, name, divID, deptID, companyID, jobTypeID, availability, reported, description) values (196, 'Sales Analyst IV', 2, 2, 13, 1, 0, 0, 'Lorem ipsum dolor sit amet, consectetur adipiscing elit, sed do eiusmod tempor incididunt ut labore et dolore magna aliqua. Ut enim ad minim veniam, quis nostrud exercitation ullamco laboris nisi.');
insert into jobPosition (positionID, name, divID, deptID, companyID, jobTypeID, availability, reported, description) values (197, 'Consumer Analyst I', 3, 2, 13, 18, 0, 0, 'Lorem ipsum dolor sit amet, consectetur adipiscing elit, sed do eiusmod tempor incididunt ut labore et dolore magna aliqua. Ut enim ad minim veniam, quis nostrud exercitation ullamco laboris nisi.');
insert into jobPosition (positionID, name, divID, deptID, companyID, jobTypeID, availability, reported, description) values (198, 'Consumer Analyst II', 3, 2, 13, 18, 0, 0, 'Lorem ipsum dolor sit amet, consectetur adipiscing elit, sed do eiusmod tempor incididunt ut labore et dolore magna aliqua. Ut enim ad minim veniam, quis nostrud exercitation ullamco laboris nisi.');
insert into jobPosition (positionID, name, divID, deptID, companyID, jobTypeID, availability, reported, description) values (199, 'Marketing Analyst I', 1, 3, 13, 2, 0, 0, 'Lorem ipsum dolor sit amet, consectetur adipiscing elit, sed do eiusmod tempor incididunt ut labore et dolore magna aliqua. Ut enim ad minim veniam, quis nostrud exercitation ullamco laboris nisi.');
insert into jobPosition (positionID, name, divID, deptID, companyID, jobTypeID, availability, reported, description) values (200, 'Marketing Analyst II', 1, 3, 13, 2, 0, 0, 'Lorem ipsum dolor sit amet, consectetur adipiscing elit, sed do eiusmod tempor incididunt ut labore et dolore magna aliqua. Ut enim ad minim veniam, quis nostrud exercitation ullamco laboris nisi.');
insert into jobPosition (positionID, name, divID, deptID, companyID, jobTypeID, availability, reported, description) values (201, 'Product PR Manager', 2, 3, 13, 22, 0, 0, 'Lorem ipsum dolor sit amet, consectetur adipiscing elit, sed do eiusmod tempor incididunt ut labore et dolore magna aliqua. Ut enim ad minim veniam, quis nostrud exercitation ullamco laboris nisi.');
insert into jobPosition (positionID, name, divID, deptID, companyID, jobTypeID, availability, reported, description) values (202, 'Production Worker', 2, 3, 13, 15, 0, 0, 'Lorem ipsum dolor sit amet, consectetur adipiscing elit, sed do eiusmod tempor incididunt ut labore et dolore magna aliqua. Ut enim ad minim veniam, quis nostrud exercitation ullamco laboris nisi.');
insert into jobPosition (positionID, name, divID, deptID, companyID, jobTypeID, availability, reported, description) values (203, 'Employee Help Worker I', 1, 1, 14, 21, 0, 0, 'Lorem ipsum dolor sit amet, consectetur adipiscing elit, sed do eiusmod tempor incididunt ut labore et dolore magna aliqua. Ut enim ad minim veniam, quis nostrud exercitation ullamco laboris nisi.');
insert into jobPosition (positionID, name, divID, deptID, companyID, jobTypeID, availability, reported, description) values (204, 'Employee Help Worker II', 1, 1, 14, 21, 0, 0, 'Lorem ipsum dolor sit amet, consectetur adipiscing elit, sed do eiusmod tempor incididunt ut labore et dolore magna aliqua. Ut enim ad minim veniam, quis nostrud exercitation ullamco laboris nisi.');
insert into jobPosition (positionID, name, divID, deptID, companyID, jobTypeID, availability, reported, description) values (205, 'Support Worker I', 2, 1, 14, 11, 0, 0, 'Lorem ipsum dolor sit amet, consectetur adipiscing elit, sed do eiusmod tempor incididunt ut labore et dolore magna aliqua. Ut enim ad minim veniam, quis nostrud exercitation ullamco laboris nisi.');
insert into jobPosition (positionID, name, divID, deptID, companyID, jobTypeID, availability, reported, description) values (206, 'Support Worker II', 2, 1, 14, 11, 0, 0, 'Lorem ipsum dolor sit amet, consectetur adipiscing elit, sed do eiusmod tempor incididunt ut labore et dolore magna aliqua. Ut enim ad minim veniam, quis nostrud exercitation ullamco laboris nisi.');
insert into jobPosition (positionID, name, divID, deptID, companyID, jobTypeID, availability, reported, description) values (207, 'HR Worker I', 1, 1, 15, 3, 0, 0, 'Lorem ipsum dolor sit amet, consectetur adipiscing elit, sed do eiusmod tempor incididunt ut labore et dolore magna aliqua. Ut enim ad minim veniam, quis nostrud exercitation ullamco laboris nisi.');
insert into jobPosition (positionID, name, divID, deptID, companyID, jobTypeID, availability, reported, description) values (208, 'HR Worker I', 1, 1, 15, 3, 0, 0, 'Lorem ipsum dolor sit amet, consectetur adipiscing elit, sed do eiusmod tempor incididunt ut labore et dolore magna aliqua. Ut enim ad minim veniam, quis nostrud exercitation ullamco laboris nisi.');
insert into jobPosition (positionID, name, divID, deptID, companyID, jobTypeID, availability, reported, description) values (209, 'Employee Trainer', 2, 1, 15, 24, 0, 0, 'Lorem ipsum dolor sit amet, consectetur adipiscing elit, sed do eiusmod tempor incididunt ut labore et dolore magna aliqua. Ut enim ad minim veniam, quis nostrud exercitation ullamco laboris nisi.');
insert into jobPosition (positionID, name, divID, deptID, companyID, jobTypeID, availability, reported, description) values (210, 'Policies Expert', 2, 1, 15, 3, 0, 0, 'Lorem ipsum dolor sit amet, consectetur adipiscing elit, sed do eiusmod tempor incididunt ut labore et dolore magna aliqua. Ut enim ad minim veniam, quis nostrud exercitation ullamco laboris nisi.');
insert into jobPosition (positionID, name, divID, deptID, companyID, jobTypeID, availability, reported, description) values (211, 'Product Management Worker I', 1, 2, 15, 15, 0, 0, 'Lorem ipsum dolor sit amet, consectetur adipiscing elit, sed do eiusmod tempor incididunt ut labore et dolore magna aliqua. Ut enim ad minim veniam, quis nostrud exercitation ullamco laboris nisi.');
insert into jobPosition (positionID, name, divID, deptID, companyID, jobTypeID, availability, reported, description) values (212, 'Product Management Worker II', 1, 2, 15, 15, 0, 0, 'Lorem ipsum dolor sit amet, consectetur adipiscing elit, sed do eiusmod tempor incididunt ut labore et dolore magna aliqua. Ut enim ad minim veniam, quis nostrud exercitation ullamco laboris nisi.');
insert into jobPosition (positionID, name, divID, deptID, companyID, jobTypeID, availability, reported, description) values (213, 'Sales Analyst I', 2, 2, 15, 1, 0, 0, 'Lorem ipsum dolor sit amet, consectetur adipiscing elit, sed do eiusmod tempor incididunt ut labore et dolore magna aliqua. Ut enim ad minim veniam, quis nostrud exercitation ullamco laboris nisi.');
insert into jobPosition (positionID, name, divID, deptID, companyID, jobTypeID, availability, reported, description) values (214, 'Sales Analyst II', 2, 2, 15, 1, 0, 0, 'Lorem ipsum dolor sit amet, consectetur adipiscing elit, sed do eiusmod tempor incididunt ut labore et dolore magna aliqua. Ut enim ad minim veniam, quis nostrud exercitation ullamco laboris nisi.');
insert into jobPosition (positionID, name, divID, deptID, companyID, jobTypeID, availability, reported, description) values (215, 'PR Manager', 1, 3, 15, 20, 0, 0, 'Lorem ipsum dolor sit amet, consectetur adipiscing elit, sed do eiusmod tempor incididunt ut labore et dolore magna aliqua. Ut enim ad minim veniam, quis nostrud exercitation ullamco laboris nisi.');
insert into jobPosition (positionID, name, divID, deptID, companyID, jobTypeID, availability, reported, description) values (216, 'PR Assistant', 1, 3, 15, 2, 0, 0, 'Lorem ipsum dolor sit amet, consectetur adipiscing elit, sed do eiusmod tempor incididunt ut labore et dolore magna aliqua. Ut enim ad minim veniam, quis nostrud exercitation ullamco laboris nisi.');
insert into jobPosition (positionID, name, divID, deptID, companyID, jobTypeID, availability, reported, description) values (217, 'Marketing Analyst', 2, 3, 15, 2, 0, 0, 'Lorem ipsum dolor sit amet, consectetur adipiscing elit, sed do eiusmod tempor incididunt ut labore et dolore magna aliqua. Ut enim ad minim veniam, quis nostrud exercitation ullamco laboris nisi.');
insert into jobPosition (positionID, name, divID, deptID, companyID, jobTypeID, availability, reported, description) values (218, 'Marketing Worker', 2, 3, 15, 17, 0, 0, 'Lorem ipsum dolor sit amet, consectetur adipiscing elit, sed do eiusmod tempor incididunt ut labore et dolore magna aliqua. Ut enim ad minim veniam, quis nostrud exercitation ullamco laboris nisi.');
insert into jobPosition (positionID, name, divID, deptID, companyID, jobTypeID, availability, reported, description) values (219, 'Employee Trainer I', 1, 1, 16, 3, 0, 0, 'Lorem ipsum dolor sit amet, consectetur adipiscing elit, sed do eiusmod tempor incididunt ut labore et dolore magna aliqua. Ut enim ad minim veniam, quis nostrud exercitation ullamco laboris nisi.');
insert into jobPosition (positionID, name, divID, deptID, companyID, jobTypeID, availability, reported, description) values (220, 'Employee Trainer II', 1, 1, 16, 24, 0, 0, 'Lorem ipsum dolor sit amet, consectetur adipiscing elit, sed do eiusmod tempor incididunt ut labore et dolore magna aliqua. Ut enim ad minim veniam, quis nostrud exercitation ullamco laboris nisi.');
insert into jobPosition (positionID, name, divID, deptID, companyID, jobTypeID, availability, reported, description) values (221, 'Management Trainer I', 2, 1, 16, 10, 0, 0, 'Lorem ipsum dolor sit amet, consectetur adipiscing elit, sed do eiusmod tempor incididunt ut labore et dolore magna aliqua. Ut enim ad minim veniam, quis nostrud exercitation ullamco laboris nisi.');
insert into jobPosition (positionID, name, divID, deptID, companyID, jobTypeID, availability, reported, description) values (222, 'Management Trainer II', 2, 1, 16, 24, 0, 0, 'Lorem ipsum dolor sit amet, consectetur adipiscing elit, sed do eiusmod tempor incididunt ut labore et dolore magna aliqua. Ut enim ad minim veniam, quis nostrud exercitation ullamco laboris nisi.');
insert into jobPosition (positionID, name, divID, deptID, companyID, jobTypeID, availability, reported, description) values (223, 'Safety Trainer I', 3, 1, 16, 24, 0, 0, 'Lorem ipsum dolor sit amet, consectetur adipiscing elit, sed do eiusmod tempor incididunt ut labore et dolore magna aliqua. Ut enim ad minim veniam, quis nostrud exercitation ullamco laboris nisi.');
insert into jobPosition (positionID, name, divID, deptID, companyID, jobTypeID, availability, reported, description) values (224, 'Safety Trainer II', 3, 1, 16, 19, 0, 0, 'Lorem ipsum dolor sit amet, consectetur adipiscing elit, sed do eiusmod tempor incididunt ut labore et dolore magna aliqua. Ut enim ad minim veniam, quis nostrud exercitation ullamco laboris nisi.');
insert into jobPosition (positionID, name, divID, deptID, companyID, jobTypeID, availability, reported, description) values (225, 'Sales Analyst', 1, 2, 16, 1, 0, 0, 'Lorem ipsum dolor sit amet, consectetur adipiscing elit, sed do eiusmod tempor incididunt ut labore et dolore magna aliqua. Ut enim ad minim veniam, quis nostrud exercitation ullamco laboris nisi.');
insert into jobPosition (positionID, name, divID, deptID, companyID, jobTypeID, availability, reported, description) values (226, 'Sales Assistant', 1, 2, 16, 18, 0, 0, 'Lorem ipsum dolor sit amet, consectetur adipiscing elit, sed do eiusmod tempor incididunt ut labore et dolore magna aliqua. Ut enim ad minim veniam, quis nostrud exercitation ullamco laboris nisi.');
insert into jobPosition (positionID, name, divID, deptID, companyID, jobTypeID, availability, reported, description) values (227, 'Sales Analyst II', 2, 2, 16, 1, 0, 0, 'Lorem ipsum dolor sit amet, consectetur adipiscing elit, sed do eiusmod tempor incididunt ut labore et dolore magna aliqua. Ut enim ad minim veniam, quis nostrud exercitation ullamco laboris nisi.');
insert into jobPosition (positionID, name, divID, deptID, companyID, jobTypeID, availability, reported, description) values (228, 'Sales Assistant II', 2, 2, 16, 18, 0, 0, 'Lorem ipsum dolor sit amet, consectetur adipiscing elit, sed do eiusmod tempor incididunt ut labore et dolore magna aliqua. Ut enim ad minim veniam, quis nostrud exercitation ullamco laboris nisi.');
insert into jobPosition (positionID, name, divID, deptID, companyID, jobTypeID, availability, reported, description) values (229, 'Marketing Analyst', 1, 3, 16, 2, 0, 0, 'Lorem ipsum dolor sit amet, consectetur adipiscing elit, sed do eiusmod tempor incididunt ut labore et dolore magna aliqua. Ut enim ad minim veniam, quis nostrud exercitation ullamco laboris nisi.');
insert into jobPosition (positionID, name, divID, deptID, companyID, jobTypeID, availability, reported, description) values (230, 'Marketing Assistant', 1, 3, 16, 17, 0, 0, 'Lorem ipsum dolor sit amet, consectetur adipiscing elit, sed do eiusmod tempor incididunt ut labore et dolore magna aliqua. Ut enim ad minim veniam, quis nostrud exercitation ullamco laboris nisi.');
insert into jobPosition (positionID, name, divID, deptID, companyID, jobTypeID, availability, reported, description) values (231, 'Marketing Analyst II', 2, 3, 16, 2, 0, 0, 'Lorem ipsum dolor sit amet, consectetur adipiscing elit, sed do eiusmod tempor incididunt ut labore et dolore magna aliqua. Ut enim ad minim veniam, quis nostrud exercitation ullamco laboris nisi.');
insert into jobPosition (positionID, name, divID, deptID, companyID, jobTypeID, availability, reported, description) values (232, 'Marketing Assistant II', 2, 3, 16, 17, 0, 0, 'Lorem ipsum dolor sit amet, consectetur adipiscing elit, sed do eiusmod tempor incididunt ut labore et dolore magna aliqua. Ut enim ad minim veniam, quis nostrud exercitation ullamco laboris nisi.');
insert into jobPosition (positionID, name, divID, deptID, companyID, jobTypeID, availability, reported, description) values (233, 'PR Marketing Worker I', 3, 3, 16, 17, 0, 0, 'Lorem ipsum dolor sit amet, consectetur adipiscing elit, sed do eiusmod tempor incididunt ut labore et dolore magna aliqua. Ut enim ad minim veniam, quis nostrud exercitation ullamco laboris nisi.');
insert into jobPosition (positionID, name, divID, deptID, companyID, jobTypeID, availability, reported, description) values (234, 'PR Marketing Worker II', 3, 3, 16, 17, 0, 0, 'Lorem ipsum dolor sit amet, consectetur adipiscing elit, sed do eiusmod tempor incididunt ut labore et dolore magna aliqua. Ut enim ad minim veniam, quis nostrud exercitation ullamco laboris nisi.');
insert into jobPosition (positionID, name, divID, deptID, companyID, jobTypeID, availability, reported, description) values (235, 'HR Trainer', 1, 4, 16, 3, 0, 0, 'Lorem ipsum dolor sit amet, consectetur adipiscing elit, sed do eiusmod tempor incididunt ut labore et dolore magna aliqua. Ut enim ad minim veniam, quis nostrud exercitation ullamco laboris nisi.');
insert into jobPosition (positionID, name, divID, deptID, companyID, jobTypeID, availability, reported, description) values (236, 'Training Assistant', 1, 4, 16, 24, 0, 0, 'Lorem ipsum dolor sit amet, consectetur adipiscing elit, sed do eiusmod tempor incididunt ut labore et dolore magna aliqua. Ut enim ad minim veniam, quis nostrud exercitation ullamco laboris nisi.');
insert into jobPosition (positionID, name, divID, deptID, companyID, jobTypeID, availability, reported, description) values (237, 'HR Safety Manager', 2, 4, 16, 3, 0, 0, 'Lorem ipsum dolor sit amet, consectetur adipiscing elit, sed do eiusmod tempor incididunt ut labore et dolore magna aliqua. Ut enim ad minim veniam, quis nostrud exercitation ullamco laboris nisi.');
insert into jobPosition (positionID, name, divID, deptID, companyID, jobTypeID, availability, reported, description) values (238, 'Safety Expert', 2, 4, 16, 19, 0, 0, 'Lorem ipsum dolor sit amet, consectetur adipiscing elit, sed do eiusmod tempor incididunt ut labore et dolore magna aliqua. Ut enim ad minim veniam, quis nostrud exercitation ullamco laboris nisi.');
insert into jobPosition (positionID, name, divID, deptID, companyID, jobTypeID, availability, reported, description) values (239, 'Focus Tester I', 1, 1, 17, 1, 0, 0, 'Lorem ipsum dolor sit amet, consectetur adipiscing elit, sed do eiusmod tempor incididunt ut labore et dolore magna aliqua. Ut enim ad minim veniam, quis nostrud exercitation ullamco laboris nisi.');
insert into jobPosition (positionID, name, divID, deptID, companyID, jobTypeID, availability, reported, description) values (240, 'Focus Tester II', 1, 1, 17, 1, 0, 0, 'Lorem ipsum dolor sit amet, consectetur adipiscing elit, sed do eiusmod tempor incididunt ut labore et dolore magna aliqua. Ut enim ad minim veniam, quis nostrud exercitation ullamco laboris nisi.');
insert into jobPosition (positionID, name, divID, deptID, companyID, jobTypeID, availability, reported, description) values (241, 'Sales Rep I', 2, 1, 17, 14, 0, 0, 'Lorem ipsum dolor sit amet, consectetur adipiscing elit, sed do eiusmod tempor incididunt ut labore et dolore magna aliqua. Ut enim ad minim veniam, quis nostrud exercitation ullamco laboris nisi.');
insert into jobPosition (positionID, name, divID, deptID, companyID, jobTypeID, availability, reported, description) values (242, 'Sales Rep II', 2, 1, 17, 18, 0, 0, 'Lorem ipsum dolor sit amet, consectetur adipiscing elit, sed do eiusmod tempor incididunt ut labore et dolore magna aliqua. Ut enim ad minim veniam, quis nostrud exercitation ullamco laboris nisi.');
insert into jobPosition (positionID, name, divID, deptID, companyID, jobTypeID, availability, reported, description) values (243, 'Senior Sales Rep', 3, 1, 17, 16, 0, 0, 'Lorem ipsum dolor sit amet, consectetur adipiscing elit, sed do eiusmod tempor incididunt ut labore et dolore magna aliqua. Ut enim ad minim veniam, quis nostrud exercitation ullamco laboris nisi.');
insert into jobPosition (positionID, name, divID, deptID, companyID, jobTypeID, availability, reported, description) values (244, 'Sales Manager', 3, 1, 17, 20, 0, 0, 'Lorem ipsum dolor sit amet, consectetur adipiscing elit, sed do eiusmod tempor incididunt ut labore et dolore magna aliqua. Ut enim ad minim veniam, quis nostrud exercitation ullamco laboris nisi.');
insert into jobPosition (positionID, name, divID, deptID, companyID, jobTypeID, availability, reported, description) values (245, 'Focus Tester Organizer', 1, 2, 17, 18, 0, 0, 'Lorem ipsum dolor sit amet, consectetur adipiscing elit, sed do eiusmod tempor incididunt ut labore et dolore magna aliqua. Ut enim ad minim veniam, quis nostrud exercitation ullamco laboris nisi.');
insert into jobPosition (positionID, name, divID, deptID, companyID, jobTypeID, availability, reported, description) values (246, 'Product Manager', 1, 2, 17, 15, 0, 0, 'Lorem ipsum dolor sit amet, consectetur adipiscing elit, sed do eiusmod tempor incididunt ut labore et dolore magna aliqua. Ut enim ad minim veniam, quis nostrud exercitation ullamco laboris nisi.');
insert into jobPosition (positionID, name, divID, deptID, companyID, jobTypeID, availability, reported, description) values (247, 'Primary Researcher', 2, 2, 17, 8, 0, 0, 'Lorem ipsum dolor sit amet, consectetur adipiscing elit, sed do eiusmod tempor incididunt ut labore et dolore magna aliqua. Ut enim ad minim veniam, quis nostrud exercitation ullamco laboris nisi.');
insert into jobPosition (positionID, name, divID, deptID, companyID, jobTypeID, availability, reported, description) values (248, 'Research Assistant', 2, 2, 17, 9, 0, 0, 'Lorem ipsum dolor sit amet, consectetur adipiscing elit, sed do eiusmod tempor incididunt ut labore et dolore magna aliqua. Ut enim ad minim veniam, quis nostrud exercitation ullamco laboris nisi.');
insert into jobPosition (positionID, name, divID, deptID, companyID, jobTypeID, availability, reported, description) values (249, 'Marketing Focus Test Worker I', 1, 1, 18, 17, 0, 0, 'Lorem ipsum dolor sit amet, consectetur adipiscing elit, sed do eiusmod tempor incididunt ut labore et dolore magna aliqua. Ut enim ad minim veniam, quis nostrud exercitation ullamco laboris nisi.');
insert into jobPosition (positionID, name, divID, deptID, companyID, jobTypeID, availability, reported, description) values (250, 'Marketing Focus Test Worker II', 1, 1, 18, 17, 0, 0, 'Lorem ipsum dolor sit amet, consectetur adipiscing elit, sed do eiusmod tempor incididunt ut labore et dolore magna aliqua. Ut enim ad minim veniam, quis nostrud exercitation ullamco laboris nisi.');
insert into jobPosition (positionID, name, divID, deptID, companyID, jobTypeID, availability, reported, description) values (251, 'Marketing PR Worker I', 2, 1, 18, 2, 0, 0, 'Lorem ipsum dolor sit amet, consectetur adipiscing elit, sed do eiusmod tempor incididunt ut labore et dolore magna aliqua. Ut enim ad minim veniam, quis nostrud exercitation ullamco laboris nisi.');
insert into jobPosition (positionID, name, divID, deptID, companyID, jobTypeID, availability, reported, description) values (252, 'Marketing PR Worker II', 2, 1, 18, 2, 0, 0, 'Lorem ipsum dolor sit amet, consectetur adipiscing elit, sed do eiusmod tempor incididunt ut labore et dolore magna aliqua. Ut enim ad minim veniam, quis nostrud exercitation ullamco laboris nisi.');
insert into jobPosition (positionID, name, divID, deptID, companyID, jobTypeID, availability, reported, description) values (253, 'Product Marketing Worker I', 3, 1, 18, 25, 0, 0, 'Lorem ipsum dolor sit amet, consectetur adipiscing elit, sed do eiusmod tempor incididunt ut labore et dolore magna aliqua. Ut enim ad minim veniam, quis nostrud exercitation ullamco laboris nisi.');
insert into jobPosition (positionID, name, divID, deptID, companyID, jobTypeID, availability, reported, description) values (254, 'Product Marketing Worker II', 3, 1, 18, 2, 0, 0, 'Lorem ipsum dolor sit amet, consectetur adipiscing elit, sed do eiusmod tempor incididunt ut labore et dolore magna aliqua. Ut enim ad minim veniam, quis nostrud exercitation ullamco laboris nisi.');
insert into jobPosition (positionID, name, divID, deptID, companyID, jobTypeID, availability, reported, description) values (255, 'Product Sales Analyst', 1, 2, 18, 1, 0, 0, 'Lorem ipsum dolor sit amet, consectetur adipiscing elit, sed do eiusmod tempor incididunt ut labore et dolore magna aliqua. Ut enim ad minim veniam, quis nostrud exercitation ullamco laboris nisi.');
insert into jobPosition (positionID, name, divID, deptID, companyID, jobTypeID, availability, reported, description) values (256, 'Product Sales Rep', 1, 2, 18, 14, 0, 0, 'Lorem ipsum dolor sit amet, consectetur adipiscing elit, sed do eiusmod tempor incididunt ut labore et dolore magna aliqua. Ut enim ad minim veniam, quis nostrud exercitation ullamco laboris nisi.');
insert into jobPosition (positionID, name, divID, deptID, companyID, jobTypeID, availability, reported, description) values (257, 'Consumer Analyst', 2, 2, 18, 18, 0, 0, 'Lorem ipsum dolor sit amet, consectetur adipiscing elit, sed do eiusmod tempor incididunt ut labore et dolore magna aliqua. Ut enim ad minim veniam, quis nostrud exercitation ullamco laboris nisi.');
insert into jobPosition (positionID, name, divID, deptID, companyID, jobTypeID, availability, reported, description) values (258, 'Customer Sales Rep', 2, 2, 18, 14, 0, 0, 'Lorem ipsum dolor sit amet, consectetur adipiscing elit, sed do eiusmod tempor incididunt ut labore et dolore magna aliqua. Ut enim ad minim veniam, quis nostrud exercitation ullamco laboris nisi.');
insert into jobPosition (positionID, name, divID, deptID, companyID, jobTypeID, availability, reported, description) values (259, 'Sales Worker I', 3, 2, 18, 1, 0, 0, 'Lorem ipsum dolor sit amet, consectetur adipiscing elit, sed do eiusmod tempor incididunt ut labore et dolore magna aliqua. Ut enim ad minim veniam, quis nostrud exercitation ullamco laboris nisi.');
insert into jobPosition (positionID, name, divID, deptID, companyID, jobTypeID, availability, reported, description) values (260, 'Sales Worker II', 3, 2, 18, 1, 0, 0, 'Lorem ipsum dolor sit amet, consectetur adipiscing elit, sed do eiusmod tempor incididunt ut labore et dolore magna aliqua. Ut enim ad minim veniam, quis nostrud exercitation ullamco laboris nisi.');
insert into jobPosition (positionID, name, divID, deptID, companyID, jobTypeID, availability, reported, description) values (261, 'Outside Product Researcher I', 1, 3, 18, 8, 0, 0, 'Lorem ipsum dolor sit amet, consectetur adipiscing elit, sed do eiusmod tempor incididunt ut labore et dolore magna aliqua. Ut enim ad minim veniam, quis nostrud exercitation ullamco laboris nisi.');
insert into jobPosition (positionID, name, divID, deptID, companyID, jobTypeID, availability, reported, description) values (262, 'Outside Product Researcher II', 1, 3, 18, 8, 0, 0, 'Lorem ipsum dolor sit amet, consectetur adipiscing elit, sed do eiusmod tempor incididunt ut labore et dolore magna aliqua. Ut enim ad minim veniam, quis nostrud exercitation ullamco laboris nisi.');
insert into jobPosition (positionID, name, divID, deptID, companyID, jobTypeID, availability, reported, description) values (263, 'Product Development Designer', 2, 3, 18, 25, 0, 0, 'Lorem ipsum dolor sit amet, consectetur adipiscing elit, sed do eiusmod tempor incididunt ut labore et dolore magna aliqua. Ut enim ad minim veniam, quis nostrud exercitation ullamco laboris nisi.');
insert into jobPosition (positionID, name, divID, deptID, companyID, jobTypeID, availability, reported, description) values (264, 'Product Development Worker', 2, 3, 18, 9, 0, 0, 'Lorem ipsum dolor sit amet, consectetur adipiscing elit, sed do eiusmod tempor incididunt ut labore et dolore magna aliqua. Ut enim ad minim veniam, quis nostrud exercitation ullamco laboris nisi.');
insert into jobPosition (positionID, name, divID, deptID, companyID, jobTypeID, availability, reported, description) values (265, 'IT Worker I', 1, 4, 18, 11, 0, 1, 'Lorem ipsum dolor sit amet, consectetur adipiscing elit, sed do eiusmod tempor incididunt ut labore et dolore magna aliqua. Ut enim ad minim veniam, quis nostrud exercitation ullamco laboris nisi.');
insert into jobPosition (positionID, name, divID, deptID, companyID, jobTypeID, availability, reported, description) values (266, 'IT Worker II', 1, 4, 18, 23, 0, 1, 'Lorem ipsum dolor sit amet, consectetur adipiscing elit, sed do eiusmod tempor incididunt ut labore et dolore magna aliqua. Ut enim ad minim veniam, quis nostrud exercitation ullamco laboris nisi.');
insert into jobPosition (positionID, name, divID, deptID, companyID, jobTypeID, availability, reported, description) values (267, 'Software Engineer I', 2, 4, 18, 23, 0, 1, 'Lorem ipsum dolor sit amet, consectetur adipiscing elit, sed do eiusmod tempor incididunt ut labore et dolore magna aliqua. Ut enim ad minim veniam, quis nostrud exercitation ullamco laboris nisi.');
insert into jobPosition (positionID, name, divID, deptID, companyID, jobTypeID, availability, reported, description) values (268, 'Software Engineer II', 2, 4, 18, 23, 0, 1, 'Lorem ipsum dolor sit amet, consectetur adipiscing elit, sed do eiusmod tempor incididunt ut labore et dolore magna aliqua. Ut enim ad minim veniam, quis nostrud exercitation ullamco laboris nisi.');
insert into jobPosition (positionID, name, divID, deptID, companyID, jobTypeID, availability, reported, description) values (269, 'Warehouse Worker I', 1, 5, 18, 13, 0, 1, 'Lorem ipsum dolor sit amet, consectetur adipiscing elit, sed do eiusmod tempor incididunt ut labore et dolore magna aliqua. Ut enim ad minim veniam, quis nostrud exercitation ullamco laboris nisi.');
insert into jobPosition (positionID, name, divID, deptID, companyID, jobTypeID, availability, reported, description) values (270, 'Warehouse Worker 1I', 1, 5, 18, 13, 0, 1, 'Lorem ipsum dolor sit amet, consectetur adipiscing elit, sed do eiusmod tempor incididunt ut labore et dolore magna aliqua. Ut enim ad minim veniam, quis nostrud exercitation ullamco laboris nisi.');
insert into jobPosition (positionID, name, divID, deptID, companyID, jobTypeID, availability, reported, description) values (271, 'Delivery Truck Loader', 2, 5, 18, 13, 0, 1, 'Lorem ipsum dolor sit amet, consectetur adipiscing elit, sed do eiusmod tempor incididunt ut labore et dolore magna aliqua. Ut enim ad minim veniam, quis nostrud exercitation ullamco laboris nisi.');
insert into jobPosition (positionID, name, divID, deptID, companyID, jobTypeID, availability, reported, description) values (272, 'Delivery Truck Driver', 2, 5, 18, 12, 0, 1, 'Lorem ipsum dolor sit amet, consectetur adipiscing elit, sed do eiusmod tempor incididunt ut labore et dolore magna aliqua. Ut enim ad minim veniam, quis nostrud exercitation ullamco laboris nisi.');
insert into jobPosition (positionID, name, divID, deptID, companyID, jobTypeID, availability, reported, description) values (273, 'Warehouse Safety Advisor', 3, 5, 18, 19, 0, 1, 'Lorem ipsum dolor sit amet, consectetur adipiscing elit, sed do eiusmod tempor incididunt ut labore et dolore magna aliqua. Ut enim ad minim veniam, quis nostrud exercitation ullamco laboris nisi.');
insert into jobPosition (positionID, name, divID, deptID, companyID, jobTypeID, availability, reported, description) values (274, 'Warehouse Safety Assistant', 3, 5, 18, 13, 0, 1, 'Lorem ipsum dolor sit amet, consectetur adipiscing elit, sed do eiusmod tempor incididunt ut labore et dolore magna aliqua. Ut enim ad minim veniam, quis nostrud exercitation ullamco laboris nisi.');
insert into jobPosition (positionID, name, divID, deptID, companyID, jobTypeID, availability, reported, description) values (275, 'Director of Communications', 1, 1, 19, 22, 0, 1, 'Lorem ipsum dolor sit amet, consectetur adipiscing elit, sed do eiusmod tempor incididunt ut labore et dolore magna aliqua. Ut enim ad minim veniam, quis nostrud exercitation ullamco laboris nisi.');
insert into jobPosition (positionID, name, divID, deptID, companyID, jobTypeID, availability, reported, description) values (276, 'Communications Assistant', 1, 1, 19, 22, 0, 1, 'Lorem ipsum dolor sit amet, consectetur adipiscing elit, sed do eiusmod tempor incididunt ut labore et dolore magna aliqua. Ut enim ad minim veniam, quis nostrud exercitation ullamco laboris nisi.');
insert into jobPosition (positionID, name, divID, deptID, companyID, jobTypeID, availability, reported, description) values (277, 'Researcher I', 2, 1, 19, 8, 0, 1, 'Lorem ipsum dolor sit amet, consectetur adipiscing elit, sed do eiusmod tempor incididunt ut labore et dolore magna aliqua. Ut enim ad minim veniam, quis nostrud exercitation ullamco laboris nisi.');
insert into jobPosition (positionID, name, divID, deptID, companyID, jobTypeID, availability, reported, description) values (278, 'Researcher II', 2, 1, 19, 8, 0, 1, 'Lorem ipsum dolor sit amet, consectetur adipiscing elit, sed do eiusmod tempor incididunt ut labore et dolore magna aliqua. Ut enim ad minim veniam, quis nostrud exercitation ullamco laboris nisi.');
insert into jobPosition (positionID, name, divID, deptID, companyID, jobTypeID, availability, reported, description) values (279, 'Head Trainer', 1, 1, 20, 24, 0, 1, 'Lorem ipsum dolor sit amet, consectetur adipiscing elit, sed do eiusmod tempor incididunt ut labore et dolore magna aliqua. Ut enim ad minim veniam, quis nostrud exercitation ullamco laboris nisi.');
insert into jobPosition (positionID, name, divID, deptID, companyID, jobTypeID, availability, reported, description) values (280, 'Training Assistant', 1, 1, 20, 24, 0, 1, 'Lorem ipsum dolor sit amet, consectetur adipiscing elit, sed do eiusmod tempor incididunt ut labore et dolore magna aliqua. Ut enim ad minim veniam, quis nostrud exercitation ullamco laboris nisi.');
insert into jobPosition (positionID, name, divID, deptID, companyID, jobTypeID, availability, reported, description) values (281, 'Policies Trainer I', 2, 1, 20, 10, 0, 1, 'Lorem ipsum dolor sit amet, consectetur adipiscing elit, sed do eiusmod tempor incididunt ut labore et dolore magna aliqua. Ut enim ad minim veniam, quis nostrud exercitation ullamco laboris nisi.');
insert into jobPosition (positionID, name, divID, deptID, companyID, jobTypeID, availability, reported, description) values (282, 'Policies Trainer II', 2, 1, 20, 3, 0, 1, 'Lorem ipsum dolor sit amet, consectetur adipiscing elit, sed do eiusmod tempor incididunt ut labore et dolore magna aliqua. Ut enim ad minim veniam, quis nostrud exercitation ullamco laboris nisi.');
insert into jobPosition (positionID, name, divID, deptID, companyID, jobTypeID, availability, reported, description) values (283, 'Head of Diversity Training', 3, 1, 20, 24, 0, 1, 'Lorem ipsum dolor sit amet, consectetur adipiscing elit, sed do eiusmod tempor incididunt ut labore et dolore magna aliqua. Ut enim ad minim veniam, quis nostrud exercitation ullamco laboris nisi.');
insert into jobPosition (positionID, name, divID, deptID, companyID, jobTypeID, availability, reported, description) values (284, 'Training Overseer', 3, 1, 20, 3, 0, 1, 'Lorem ipsum dolor sit amet, consectetur adipiscing elit, sed do eiusmod tempor incididunt ut labore et dolore magna aliqua. Ut enim ad minim veniam, quis nostrud exercitation ullamco laboris nisi.');
insert into jobPosition (positionID, name, divID, deptID, companyID, jobTypeID, availability, reported, description) values (285, 'Head of Safety Training', 4, 1, 20, 19, 0, 1, 'Lorem ipsum dolor sit amet, consectetur adipiscing elit, sed do eiusmod tempor incididunt ut labore et dolore magna aliqua. Ut enim ad minim veniam, quis nostrud exercitation ullamco laboris nisi.');
insert into jobPosition (positionID, name, divID, deptID, companyID, jobTypeID, availability, reported, description) values (286, 'Training Overseer', 4, 1, 20, 3, 0, 1, 'Lorem ipsum dolor sit amet, consectetur adipiscing elit, sed do eiusmod tempor incididunt ut labore et dolore magna aliqua. Ut enim ad minim veniam, quis nostrud exercitation ullamco laboris nisi.');

#employee table and insert statements

create table employee(
    employeeID int auto_increment primary key,
    userID int,
    firstName text,
    lastName text,
    country text,
    state text,
    zip int,
    streetName text,
    streetNum int,
    email text,
    phone text,
    reportsTo int,
    hireDate datetime default current_timestamp,
    salary int,
    divID int,
    deptID int,
    companyID int,
    positionID int,
    birthDay int,
    birthMonth int,
    birthYear int,
    constraint fk_divID
        foreign key (divID) references division (divID)
        on update cascade on delete restrict,
    constraint fk_reportsTo
        foreign key (reportsTo) references employee (employeeID)
        on update cascade on delete restrict,
    constraint fk_deptID_emp
        foreign key (deptID) references division (deptID)
        on update cascade on delete restrict,
    constraint fk_companyID_emp
        foreign key (companyID) references division (companyID)
        on update cascade on delete restrict,
    constraint fk_userID
        foreign key (userID) references user (userID)
        on update cascade on delete restrict,
    constraint fk_job_position_empID
        foreign key (positionID) references jobPosition (positionID)
        on update cascade on delete restrict
);

#insert into employee (employeeID, userID, firstName, lastName, country, state, zip, streetName, streetNum, email, phone, reportsTo, salary, divID, deptID, companyID, positionID, birthDay, birthMonth, birthYear) values (1, 3, 'Laurel', 'Mertgen', 'United States', 'Alabama', 70186, 'Truax', 00920, 'lmertgen0@liveinternet.ru', '256-680-1279', 3, 31, 1, 4, 1, 6, 28, 6, 1989);

insert into employee (employeeID, userID, firstName, lastName, country, state, zip, streetName, streetNum, email, phone, reportsTo, positionID, divID, deptID, companyID, salary, birthDay, birthMonth, birthYear) values (1, 1, 'Darill', 'Enticknap', 'United States', 'Washington', 41293, 'Hoard', 855, 'denticknap0@istockphoto.com', '567-343-9205', null, 1, 1, 1, 1, 100, 11, 16, 2000);
insert into employee (employeeID, userID, firstName, lastName, country, state, zip, streetName, streetNum, email, phone, reportsTo, positionID, divID, deptID, companyID, salary, birthDay, birthMonth, birthYear) values (2, 2, 'Irina', 'Portingale', 'United States', 'Nebraska', 36813, 'Meadow Vale', 658, 'iportingale1@uol.com.br', '509-289-7076', null, 2, 1, 1, 1, 136, 17, 11, 1973);
insert into employee (employeeID, userID, firstName, lastName, country, state, zip, streetName, streetNum, email, phone, reportsTo, positionID, divID, deptID, companyID, salary, birthDay, birthMonth, birthYear) values (3, 3, 'Carma', 'Harses', 'United States', 'Illinois', 73594, 'Oakridge', 789, 'charses2@foxnews.com', '509-289-7076', null, 3, 1, 1, 1, 29, 12, 4, 1994);
insert into employee (employeeID, userID, firstName, lastName, country, state, zip, streetName, streetNum, email, phone, reportsTo, positionID, divID, deptID, companyID, salary, birthDay, birthMonth, birthYear) values (4, 4, 'Revkah', 'Kulas', 'United States', 'North Carolina', 17341, 'Burrows', 733, 'rkulas3@fc2.com', '402-307-6358', null, 4, 2, 1, 1, 133, 7, 4, 1991);
insert into employee (employeeID, userID, firstName, lastName, country, state, zip, streetName, streetNum, email, phone, reportsTo, positionID, divID, deptID, companyID, salary, birthDay, birthMonth, birthYear) values (5, 5, 'Curry', 'Crich', 'United States', 'Ohio', 87420, 'Bashford', 246, 'ccrich4@thetimes.co.uk', '773-619-5278', null, 5, 2, 1, 1, 131, 15, 1, 1985);
insert into employee (employeeID, userID, firstName, lastName, country, state, zip, streetName, streetNum, email, phone, reportsTo, positionID, divID, deptID, companyID, salary, birthDay, birthMonth, birthYear) values (6, 6, 'Dominik', 'Rigard', 'United States', 'Texas', 24246, 'Arapahoe', 420, 'drigard5@marketwatch.com', '919-917-8995', null, 6, 2, 1, 1, 137, 24, 5, 1980);
insert into employee (employeeID, userID, firstName, lastName, country, state, zip, streetName, streetNum, email, phone, reportsTo, positionID, divID, deptID, companyID, salary, birthDay, birthMonth, birthYear) values (7, 7, 'Colan', 'Wareing', 'United States', 'Colorado', 68754, 'Lakewood Gardens', 898, 'cwareing6@skyrock.com', '419-726-5173', null, 7, 1, 2, 1, 66, 1, 1, 1973);
insert into employee (employeeID, userID, firstName, lastName, country, state, zip, streetName, streetNum, email, phone, reportsTo, positionID, divID, deptID, companyID, salary, birthDay, birthMonth, birthYear) values (8, 8, 'Lorita', 'Pinson', 'United States', 'Pennsylvania', 48394, 'Declaration', 678, 'lpinson7@state.tx.us', '214-633-5879', null, 8, 1, 2, 1, 100, 21, 3, 1962);
insert into employee (employeeID, userID, firstName, lastName, country, state, zip, streetName, streetNum, email, phone, reportsTo, positionID, divID, deptID, companyID, salary, birthDay, birthMonth, birthYear) values (9, 9, 'Tera', 'Freda', 'United States', 'Minnesota', 25020, 'Fordem', 366, 'tfreda8@csmonitor.com', '303-441-5722', null, 9, 2, 2, 1, 87, 9, 2, 1992);
insert into employee (employeeID, userID, firstName, lastName, country, state, zip, streetName, streetNum, email, phone, reportsTo, positionID, divID, deptID, companyID, salary, birthDay, birthMonth, birthYear) values (10, 10, 'Kristy', 'Penrose', 'United States', 'Colorado', 53107, 'Hoffman', 257, 'kpenrose9@sbwire.com', '303-441-5722', null, 10, 2, 2, 1, 142, 8, 2, 1991);
insert into employee (employeeID, userID, firstName, lastName, country, state, zip, streetName, streetNum, email, phone, reportsTo, positionID, divID, deptID, companyID, salary, birthDay, birthMonth, birthYear) values (11, 11, 'Berkeley', 'Salsberg', 'United States', 'Connecticut', 27980, 'Dunning', 88, 'bsalsberga@behance.net', '717-621-5264', null, 11, 1, 3, 1, 44, 7, 3, 1961);
insert into employee (employeeID, userID, firstName, lastName, country, state, zip, streetName, streetNum, email, phone, reportsTo, positionID, divID, deptID, companyID, salary, birthDay, birthMonth, birthYear) values (12, 12, 'Cesaro', 'Strettell', 'United States', 'California', 14876, 'Boyd', 307, 'cstrettellb@usda.gov', '651-776-1471', null, 12, 1, 3, 1, 88, 27, 6, 1968);
insert into employee (employeeID, userID, firstName, lastName, country, state, zip, streetName, streetNum, email, phone, reportsTo, positionID, divID, deptID, companyID, salary, birthDay, birthMonth, birthYear) values (13, 13, 'Lari', 'Stovine', 'United States', 'Washington', 24214, 'Thackeray', 811, 'lstovinec@bandcamp.com', '303-726-5506', null, 13, 1, 4, 1, 117, 13, 5, 1964);
insert into employee (employeeID, userID, firstName, lastName, country, state, zip, streetName, streetNum, email, phone, reportsTo, positionID, divID, deptID, companyID, salary, birthDay, birthMonth, birthYear) values (14, 14, 'Care', 'Peare', 'United States', 'Iowa', 93376, 'Ridge Oak', 556, 'cpeared@oaic.gov.au', '203-894-7044', null, 14, 1, 4, 1, 66, 18, 8, 1992);
insert into employee (employeeID, userID, firstName, lastName, country, state, zip, streetName, streetNum, email, phone, reportsTo, positionID, divID, deptID, companyID, salary, birthDay, birthMonth, birthYear) values (15, 15, 'Torr', 'Coatts', 'United States', 'Arizona', 25466, 'Graedel', 299, 'tcoattse@wisc.edu', '650-853-1318', null, 15, 2, 4, 1, 71, 14, 11, 1996);
insert into employee (employeeID, userID, firstName, lastName, country, state, zip, streetName, streetNum, email, phone, reportsTo, positionID, divID, deptID, companyID, salary, birthDay, birthMonth, birthYear) values (16, 16, 'Annabal', 'Bonett', 'United States', 'Texas', 95637, 'Norway Maple', 160, 'abonettf@vkontakte.ru', '206-193-9596', null, 16, 2, 4, 1, 20, 31, 2, 1991);
insert into employee (employeeID, userID, firstName, lastName, country, state, zip, streetName, streetNum, email, phone, reportsTo, positionID, divID, deptID, companyID, salary, birthDay, birthMonth, birthYear) values (17, 17, 'Fran', 'Tockell', 'United States', 'District of Columbia', 64330, 'Ramsey', 375, 'ftockellg@amazon.co.jp', '515-365-8700', null, 17, 3, 4, 1, 103, 15, 7, 1988);
insert into employee (employeeID, userID, firstName, lastName, country, state, zip, streetName, streetNum, email, phone, reportsTo, positionID, divID, deptID, companyID, salary, birthDay, birthMonth, birthYear) values (18, 18, 'Arney', 'McGrill', 'United States', 'Washington', 49427, 'Iowa', 928, 'amcgrillh@amazon.co.uk', '520-138-3311', null, 18, 3, 4, 1, 63, 29, 11, 1993);
insert into employee (employeeID, userID, firstName, lastName, country, state, zip, streetName, streetNum, email, phone, reportsTo, positionID, divID, deptID, companyID, salary, birthDay, birthMonth, birthYear) values (19, 19, 'Cleopatra', 'Packe', 'United States', 'Missouri', 55170, 'Shelley', 877, 'cpackei@topsy.com', '512-678-0479', null, 19, 1, 1, 2, 03, 27, 1, 1975);
insert into employee (employeeID, userID, firstName, lastName, country, state, zip, streetName, streetNum, email, phone, reportsTo, positionID, divID, deptID, companyID, salary, birthDay, birthMonth, birthYear) values (20, 20, 'Lilia', 'Ennion', 'United States', 'California', 58559, 'Namekagon', 328, 'lennionj@illinois.edu', '202-964-9908', null, 20, 1, 1, 2, 25, 13, 3, 1966);
insert into employee (employeeID, userID, firstName, lastName, country, state, zip, streetName, streetNum, email, phone, reportsTo, positionID, divID, deptID, companyID, salary, birthDay, birthMonth, birthYear) values (21, 21, 'Jeri', 'Howood', 'United States', 'South Dakota', 36322, 'Sutherland', 521, 'jhowoodk@statcounter.com', '202-964-9908', null, 21, 2, 1, 2, 43, 27, 5, 1983);
insert into employee (employeeID, userID, firstName, lastName, country, state, zip, streetName, streetNum, email, phone, reportsTo, positionID, divID, deptID, companyID, salary, birthDay, birthMonth, birthYear) values (22, 22, 'Teriann', 'Finding', 'United States', 'Nebraska', 32995, 'Northfield', 485, 'tfindingl@gravatar.com', '314-671-6015', null, 22, 2, 1, 2, 87, 25, 9, 1971);
insert into employee (employeeID, userID, firstName, lastName, country, state, zip, streetName, streetNum, email, phone, reportsTo, positionID, divID, deptID, companyID, salary, birthDay, birthMonth, birthYear) values (23, 23, 'Hailee', 'Gerault', 'United States', 'Illinois', 45702, 'Oneill', 491, 'hgeraultm@hostgator.com', '408-987-9854', null, 23, 1, 2, 2, 126, 15, 11, 1964);
insert into employee (employeeID, userID, firstName, lastName, country, state, zip, streetName, streetNum, email, phone, reportsTo, positionID, divID, deptID, companyID, salary, birthDay, birthMonth, birthYear) values (24, 24, 'Ashli', 'Edgett', 'United States', 'California', 43208, 'Debs', 457, 'aedgettn@yahoo.co.jp', '605-856-9528', null, 24, 1, 2, 2, 137, 21, 2, 1993);
insert into employee (employeeID, userID, firstName, lastName, country, state, zip, streetName, streetNum, email, phone, reportsTo, positionID, divID, deptID, companyID, salary, birthDay, birthMonth, birthYear) values (25, 25, 'Shari', 'Bourdice', 'United States', 'Minnesota', 42015, 'Loftsgordon', 318, 'sbourdiceo@livejournal.com', '402-438-8487', null, 25, 2, 2, 2, 270, 27, 2, 1958);
insert into employee (employeeID, userID, firstName, lastName, country, state, zip, streetName, streetNum, email, phone, reportsTo, positionID, divID, deptID, companyID, salary, birthDay, birthMonth, birthYear) values (26, 26, 'Evin', 'Chillingsworth', 'United States', 'Texas', 15554, 'Packers', 521, 'echillingsworthp@trellian.com', '312-489-5717', null, 26, 2, 2, 2, 20, 2, 9, 1994);
insert into employee (employeeID, userID, firstName, lastName, country, state, zip, streetName, streetNum, email, phone, reportsTo, positionID, divID, deptID, companyID, salary, birthDay, birthMonth, birthYear) values (27, 27, 'Catlin', 'MacAndie', 'United States', 'Florida', 13362, 'Hoffman', 695, 'cmacandieq@xrea.com', '818-743-1898', null, 27, 1, 3, 2, 97, 23, 11, 1993);
insert into employee (employeeID, userID, firstName, lastName, country, state, zip, streetName, streetNum, email, phone, reportsTo, positionID, divID, deptID, companyID, salary, birthDay, birthMonth, birthYear) values (28, 28, 'Ranee', 'Ledington', 'United States', 'Oklahoma', 63165, 'Monica', 696, 'rledingtonr@ask.com', '763-995-3947', null, 28, 1, 3, 2, 69, 24, 7, 1968);
insert into employee (employeeID, userID, firstName, lastName, country, state, zip, streetName, streetNum, email, phone, reportsTo, positionID, divID, deptID, companyID, salary, birthDay, birthMonth, birthYear) values (29, 29, 'Imojean', 'Eke', 'United States', 'Alabama', 70389, 'Green', 500, 'iekes@163.com', '210-586-9617', null, 29, 2, 3, 2, 140, 30, 10, 1956);
insert into employee (employeeID, userID, firstName, lastName, country, state, zip, streetName, streetNum, email, phone, reportsTo, positionID, divID, deptID, companyID, salary, birthDay, birthMonth, birthYear) values (30, 30, 'Ester', 'O''Caherny', 'United States', 'California', 81544, 'Nobel', 950, 'eocahernyt@yolasite.com', '305-409-2194', null, 30, 2, 3, 2, 145, 28, 9, 1969);
insert into employee (employeeID, userID, firstName, lastName, country, state, zip, streetName, streetNum, email, phone, reportsTo, positionID, divID, deptID, companyID, salary, birthDay, birthMonth, birthYear) values (31, 31, 'Sheeree', 'Oswal', 'United States', 'Florida', 71234, 'Mcguire', 452, 'soswalu@histats.com', '405-634-7167', null, 31, 1, 4, 2, 124, 18, 10, 1969);
insert into employee (employeeID, userID, firstName, lastName, country, state, zip, streetName, streetNum, email, phone, reportsTo, positionID, divID, deptID, companyID, salary, birthDay, birthMonth, birthYear) values (32, 32, 'Josey', 'Benediktovich', 'United States', 'Massachusetts', 91099, 'Caliangt', 719, 'jbenediktovichv@desdev.cn', '205-525-1141', null, 32, 1, 4, 2, 120, 14, 11, 1982);
insert into employee (employeeID, userID, firstName, lastName, country, state, zip, streetName, streetNum, email, phone, reportsTo, positionID, divID, deptID, companyID, salary, birthDay, birthMonth, birthYear) values (33, 33, 'Jedd', 'Orwell', 'United States', 'Oklahoma', 37350, 'Shasta', 286, 'jorwellw@shutterfly.com', '916-669-1974', null, 33, 2, 4, 2, 99, 6, 6, 1993);
insert into employee (employeeID, userID, firstName, lastName, country, state, zip, streetName, streetNum, email, phone, reportsTo, positionID, divID, deptID, companyID, salary, birthDay, birthMonth, birthYear) values (34, 34, 'Ethelred', 'Chasier', 'United States', 'Louisiana', 19573, '5th', 87, 'echasierx@qq.com', '850-974-6098', null, 34, 2, 4, 2, 81, 4, 10, 1979);
insert into employee (employeeID, userID, firstName, lastName, country, state, zip, streetName, streetNum, email, phone, reportsTo, positionID, divID, deptID, companyID, salary, birthDay, birthMonth, birthYear) values (35, 35, 'Tybalt', 'Verma', 'United States', 'Maryland', 26774, 'Mitchell', 628, 'tvermay@typepad.com', '508-964-0500', null, 35, 1, 1, 3, 55, 8, 4, 2003);
insert into employee (employeeID, userID, firstName, lastName, country, state, zip, streetName, streetNum, email, phone, reportsTo, positionID, divID, deptID, companyID, salary, birthDay, birthMonth, birthYear) values (36, 36, 'Charissa', 'Everil', 'United States', 'Colorado', 45791, 'Lighthouse Bay', 269, 'ceverilz@senate.gov', '918-118-4637', null, 36, 1, 1, 3, 65, 4, 3, 1982);
insert into employee (employeeID, userID, firstName, lastName, country, state, zip, streetName, streetNum, email, phone, reportsTo, positionID, divID, deptID, companyID, salary, birthDay, birthMonth, birthYear) values (37, 37, 'Sven', 'Jennions', 'United States', 'Florida', 44829, 'Banding', 542, 'sjennions10@ning.com', '504-495-4822', null, 37, 2, 1, 3, 87, 5, 7, 2000);
insert into employee (employeeID, userID, firstName, lastName, country, state, zip, streetName, streetNum, email, phone, reportsTo, positionID, divID, deptID, companyID, salary, birthDay, birthMonth, birthYear) values (38, 38, 'Con', 'Whannel', 'United States', 'Minnesota', 61262, 'Chinook', 475, 'cwhannel11@yandex.ru', '240-297-3510', null, 38, 2, 1, 3, 144, 18, 11, 2002);
insert into employee (employeeID, userID, firstName, lastName, country, state, zip, streetName, streetNum, email, phone, reportsTo, positionID, divID, deptID, companyID, salary, birthDay, birthMonth, birthYear) values (39, 39, 'Linnea', 'Sclanders', 'United States', 'New York', 57016, 'Mallory', 471, 'lsclanders12@theatlantic.com', '303-969-0522', null, 39, 1, 2, 3, 116, 2, 6, 1972);
insert into employee (employeeID, userID, firstName, lastName, country, state, zip, streetName, streetNum, email, phone, reportsTo, positionID, divID, deptID, companyID, salary, birthDay, birthMonth, birthYear) values (40, 40, 'Eveline', 'Frankcomb', 'United States', 'Louisiana', 93880, 'Glacier Hill', 651, 'efrankcomb13@cbsnews.com', '786-746-6707', null, 40, 1, 2, 3, 92, 3, 7, 1972);
insert into employee (employeeID, userID, firstName, lastName, country, state, zip, streetName, streetNum, email, phone, reportsTo, positionID, divID, deptID, companyID, salary, birthDay, birthMonth, birthYear) values (41, 41, 'Roxanne', 'Filippazzo', 'United States', 'Nevada', 34048, 'Straubel', 420, 'rfilippazzo14@livejournal.com', '612-213-8662', null, 41, 2, 2, 3, 45, 6, 1, 1996);
insert into employee (employeeID, userID, firstName, lastName, country, state, zip, streetName, streetNum, email, phone, reportsTo, positionID, divID, deptID, companyID, salary, birthDay, birthMonth, birthYear) values (42, 42, 'Basilius', 'Greensite', 'United States', 'Texas', 97952, 'Northview', 889, 'bgreensite15@homestead.com', '347-309-1854', null, 42, 2, 2, 3, 60, 12, 5, 1971);
insert into employee (employeeID, userID, firstName, lastName, country, state, zip, streetName, streetNum, email, phone, reportsTo, positionID, divID, deptID, companyID, salary, birthDay, birthMonth, birthYear) values (43, 43, 'Skelly', 'Tribe', 'United States', 'California', 32707, 'Susan', 392, 'stribe16@surveymonkey.com', '504-942-2450', null, 43, 1, 1, 4, 21, 25, 9, 1984);
insert into employee (employeeID, userID, firstName, lastName, country, state, zip, streetName, streetNum, email, phone, reportsTo, positionID, divID, deptID, companyID, salary, birthDay, birthMonth, birthYear) values (44, 44, 'Hynda', 'Duchart', 'United States', 'New York', 81938, 'Judy', 15, 'hduchart17@umich.edu', '775-471-4348', null, 44, 1, 1, 4, 21, 13, 4, 1973);
insert into employee (employeeID, userID, firstName, lastName, country, state, zip, streetName, streetNum, email, phone, reportsTo, positionID, divID, deptID, companyID, salary, birthDay, birthMonth, birthYear) values (45, 45, 'Clemmie', 'Pitman', 'United States', 'Texas', 46831, 'Sycamore', 958, 'cpitman18@cnn.com', '915-688-1867', null, 45, 2, 1, 4, 142, 27, 10, 1968);
insert into employee (employeeID, userID, firstName, lastName, country, state, zip, streetName, streetNum, email, phone, reportsTo, positionID, divID, deptID, companyID, salary, birthDay, birthMonth, birthYear) values (46, 46, 'Naomi', 'Dix', 'United States', 'Idaho', 63627, 'Glacier Hill', 278, 'ndix19@buzzfeed.com', '916-813-5402', null, 46, 2, 1, 4, 30, 24, 10, 1993);
insert into employee (employeeID, userID, firstName, lastName, country, state, zip, streetName, streetNum, email, phone, reportsTo, positionID, divID, deptID, companyID, salary, birthDay, birthMonth, birthYear) values (47, 47, 'Aarika', 'Brabon', 'United States', 'Texas', 96816, 'Ohio', 819, 'abrabon1a@themeforest.net', '212-410-5680', null, 47, 3, 1, 4, 125, 21, 4, 1999);
insert into employee (employeeID, userID, firstName, lastName, country, state, zip, streetName, streetNum, email, phone, reportsTo, positionID, divID, deptID, companyID, salary, birthDay, birthMonth, birthYear) values (48, 48, 'Gwenore', 'Tomkinson', 'United States', 'Florida', 54181, 'Miller', 905, 'gtomkinson1b@bizjournals.com', '806-574-6016', null, 48, 3, 1, 4, 80, 1, 12, 1995);
insert into employee (employeeID, userID, firstName, lastName, country, state, zip, streetName, streetNum, email, phone, reportsTo, positionID, divID, deptID, companyID, salary, birthDay, birthMonth, birthYear) values (49, 49, 'Paige', 'Jenkyn', 'United States', 'Connecticut', 99953, 'Novick', 474, 'pjenkyn1c@nbcnews.com', '208-546-7194', null, 49, 1, 2, 4, 20, 13, 2, 1986);
insert into employee (employeeID, userID, firstName, lastName, country, state, zip, streetName, streetNum, email, phone, reportsTo, positionID, divID, deptID, companyID, salary, birthDay, birthMonth, birthYear) values (50, 50, 'Aristotle', 'Tolmie', 'United States', 'New York', 87396, 'Johnson', 495, 'atolmie1d@nifty.com', '817-866-3069', null, 50, 1, 2, 4, 140, 11, 7, 1960);
insert into employee (employeeID, userID, firstName, lastName, country, state, zip, streetName, streetNum, email, phone, reportsTo, positionID, divID, deptID, companyID, salary, birthDay, birthMonth, birthYear) values (51, 51, 'Hal', 'Turmall', 'United States', 'California', 22393, 'Melrose', 955, 'hturmall1e@trellian.com', '352-143-4211', null, 51, 2, 2, 4, 102, 7, 4, 1992);
insert into employee (employeeID, userID, firstName, lastName, country, state, zip, streetName, streetNum, email, phone, reportsTo, positionID, divID, deptID, companyID, salary, birthDay, birthMonth, birthYear) values (52, 52, 'Dorey', 'Wathall', 'United States', 'California', 25921, 'Ohio', 352, 'dwathall1f@wikispaces.com', '860-483-5194', null, 52, 2, 2, 4, 134, 15, 2, 1981);
insert into employee (employeeID, userID, firstName, lastName, country, state, zip, streetName, streetNum, email, phone, reportsTo, positionID, divID, deptID, companyID, salary, birthDay, birthMonth, birthYear) values (53, 53, 'Mady', 'Fischer', 'United States', 'Oklahoma', 28628, 'Linden', 33, 'mfischer1g@utexas.edu', '845-569-2847', null, 53, 3, 2, 4, 81, 20, 2, 1971);
insert into employee (employeeID, userID, firstName, lastName, country, state, zip, streetName, streetNum, email, phone, reportsTo, positionID, divID, deptID, companyID, salary, birthDay, birthMonth, birthYear) values (54, 54, 'Caressa', 'Lyall', 'United States', 'Texas', 86356, 'Forest', 8, 'clyall1h@flickr.com', '510-545-2469', null, 54, 3, 2, 4, 135, 26, 8, 1999);
insert into employee (employeeID, userID, firstName, lastName, country, state, zip, streetName, streetNum, email, phone, reportsTo, positionID, divID, deptID, companyID, salary, birthDay, birthMonth, birthYear) values (55, 55, 'Brendis', 'Kubiak', 'United States', 'Pennsylvania', 77415, 'Crowley', 173, 'bkubiak1i@ibm.com', '310-749-4935', null, 55, 1, 3, 4, 34, 21, 5, 1964);
insert into employee (employeeID, userID, firstName, lastName, country, state, zip, streetName, streetNum, email, phone, reportsTo, positionID, divID, deptID, companyID, salary, birthDay, birthMonth, birthYear) values (56, 56, 'Ware', 'Felderer', 'United States', 'Texas', 67198, 'Crowley', 752, 'wfelderer1j@cocolog-nifty.com', '405-458-2053', null, 56, 1, 3, 4, 58, 22, 3, 1968);
insert into employee (employeeID, userID, firstName, lastName, country, state, zip, streetName, streetNum, email, phone, reportsTo, positionID, divID, deptID, companyID, salary, birthDay, birthMonth, birthYear) values (57, 57, 'Fleurette', 'Gilman', 'United States', 'Virginia', 35441, 'Fallview', 130, 'fgilman1k@ft.com', '713-321-1058', null, 57, 2, 3, 4, 112, 20, 8, 1955);
insert into employee (employeeID, userID, firstName, lastName, country, state, zip, streetName, streetNum, email, phone, reportsTo, positionID, divID, deptID, companyID, salary, birthDay, birthMonth, birthYear) values (58, 58, 'Torey', 'McWhorter', 'United States', 'Texas', 91710, 'Park Meadow', 910, 'tmcwhorter1l@sina.com.cn', '717-269-8449', null, 58, 2, 3, 4, 110, 13, 9, 1998);
insert into employee (employeeID, userID, firstName, lastName, country, state, zip, streetName, streetNum, email, phone, reportsTo, positionID, divID, deptID, companyID, salary, birthDay, birthMonth, birthYear) values (59, 59, 'Glenine', 'Weathers', 'United States', 'Michigan', 13765, 'Superior', 181, 'gweathers1m@addtoany.com', '915-674-8793', null, 59, 1, 4, 4, 90, 26, 10, 1986);
insert into employee (employeeID, userID, firstName, lastName, country, state, zip, streetName, streetNum, email, phone, reportsTo, positionID, divID, deptID, companyID, salary, birthDay, birthMonth, birthYear) values (60, 60, 'Fitz', 'Yosevitz', 'United States', 'Texas', 74004, 'Del Mar', 377, 'fyosevitz1n@nbcnews.com', '804-120-2248', null, 60, 1, 4, 4, 94, 8, 5, 1966);
insert into employee (employeeID, userID, firstName, lastName, country, state, zip, streetName, streetNum, email, phone, reportsTo, positionID, divID, deptID, companyID, salary, birthDay, birthMonth, birthYear) values (61, 61, 'Fidelity', 'Sherme', 'United States', 'Alaska', 62568, 'Del Mar', 266, 'fsherme1o@mac.com', '214-471-7214', null, 61, 2, 4, 4, 131, 16, 3, 1976);
insert into employee (employeeID, userID, firstName, lastName, country, state, zip, streetName, streetNum, email, phone, reportsTo, positionID, divID, deptID, companyID, salary, birthDay, birthMonth, birthYear) values (62, 62, 'Filippa', 'Plumm', 'United States', 'Texas', 64622, 'Green Ridge', 755, 'fplumm1p@spotify.com', '517-168-9097', null, 62, 2, 4, 4, 111, 21, 1, 1991);
insert into employee (employeeID, userID, firstName, lastName, country, state, zip, streetName, streetNum, email, phone, reportsTo, positionID, divID, deptID, companyID, salary, birthDay, birthMonth, birthYear) values (63, 63, 'Gilbert', 'Bussens', 'United States', 'New Jersey', 84084, '2nd', 455, 'gbussens1q@oaic.gov.au', '817-830-5179', null, 63, 1, 1, 5, 72, 21, 5, 1966);
insert into employee (employeeID, userID, firstName, lastName, country, state, zip, streetName, streetNum, email, phone, reportsTo, positionID, divID, deptID, companyID, salary, birthDay, birthMonth, birthYear) values (64, 64, 'Sayre', 'Garvin', 'United States', 'Texas', 52862, 'Summit', 595, 'sgarvin1r@vk.com', '907-440-2439', null, 64, 1, 1, 5, 105, 10, 11, 1967);
insert into employee (employeeID, userID, firstName, lastName, country, state, zip, streetName, streetNum, email, phone, reportsTo, positionID, divID, deptID, companyID, salary, birthDay, birthMonth, birthYear) values (65, 65, 'Kiele', 'Hickeringill', 'United States', 'South Dakota', 96588, 'Michigan', 19, 'khickeringill1s@geocities.jp', '210-354-1032', null, 65, 1, 2, 5, 45, 30, 8, 1990);
insert into employee (employeeID, userID, firstName, lastName, country, state, zip, streetName, streetNum, email, phone, reportsTo, positionID, divID, deptID, companyID, salary, birthDay, birthMonth, birthYear) values (66, 66, 'Udell', 'Belson', 'United States', 'Illinois', 60487, 'Karstens', 840, 'ubelson1t@histats.com', '862-263-9359', null, 66, 1, 2, 5, 75, 2, 2, 1982);
insert into employee (employeeID, userID, firstName, lastName, country, state, zip, streetName, streetNum, email, phone, reportsTo, positionID, divID, deptID, companyID, salary, birthDay, birthMonth, birthYear) values (67, 67, 'Aeriel', 'Fogden', 'United States', 'Texas', 11367, 'Hallows', 165, 'afogden1u@fastcompany.com', '512-150-0362', null, 67, 2, 2, 5, 71, 16, 4, 1989);
insert into employee (employeeID, userID, firstName, lastName, country, state, zip, streetName, streetNum, email, phone, reportsTo, positionID, divID, deptID, companyID, salary, birthDay, birthMonth, birthYear) values (68, 68, 'Sharline', 'Scolding', 'United States', 'Illinois', 76584, 'Burning Wood', 812, 'sscolding1v@ucoz.ru', '605-669-1457', null, 68, 2, 2, 5, 89, 27, 11, 2001);
insert into employee (employeeID, userID, firstName, lastName, country, state, zip, streetName, streetNum, email, phone, reportsTo, positionID, divID, deptID, companyID, salary, birthDay, birthMonth, birthYear) values (69, 69, 'Alex', 'Bebis', 'United States', 'Georgia', 24635, 'Dayton', 665, 'abebis1w@xinhuanet.com', '312-939-7889', null, 69, 1, 3, 5, 78, 10, 8, 1957);
insert into employee (employeeID, userID, firstName, lastName, country, state, zip, streetName, streetNum, email, phone, reportsTo, positionID, divID, deptID, companyID, salary, birthDay, birthMonth, birthYear) values (70, 70, 'Arlinda', 'Beranek', 'United States', 'Texas', 42503, 'Summerview', 53, 'aberanek1x@netlog.com', '361-955-9291', null, 70, 1, 3, 5, 147, 15, 1, 1959);
insert into employee (employeeID, userID, firstName, lastName, country, state, zip, streetName, streetNum, email, phone, reportsTo, positionID, divID, deptID, companyID, salary, birthDay, birthMonth, birthYear) values (71, 71, 'Carson', 'Trevett', 'United States', 'Virginia', 94921, 'Golf', 605, 'ctrevett1y@narod.ru', '847-903-0921', null, 71, 2, 3, 5, 52, 15, 10, 1984);
insert into employee (employeeID, userID, firstName, lastName, country, state, zip, streetName, streetNum, email, phone, reportsTo, positionID, divID, deptID, companyID, salary, birthDay, birthMonth, birthYear) values (72, 72, 'Sharon', 'Quantick', 'United States', 'Arizona', 32497, 'Pawling', 572, 'squantick1z@ihg.com', '404-365-9390', null, 72, 2, 3, 5, 33, 5, 8, 1969);
insert into employee (employeeID, userID, firstName, lastName, country, state, zip, streetName, streetNum, email, phone, reportsTo, positionID, divID, deptID, companyID, salary, birthDay, birthMonth, birthYear) values (73, 73, 'Rory', 'MacTavish', 'United States', 'Alabama', 67619, 'Heath', 557, 'rmactavish20@bbb.org', '806-831-8443', null, 73, 3, 3, 5, 83, 14, 6, 1981);
insert into employee (employeeID, userID, firstName, lastName, country, state, zip, streetName, streetNum, email, phone, reportsTo, positionID, divID, deptID, companyID, salary, birthDay, birthMonth, birthYear) values (74, 74, 'Ilaire', 'Bewsey', 'United States', 'Florida', 89507, 'Northland', 542, 'ibewsey21@tumblr.com', '434-267-9337', null, 74, 3, 3, 5, 100, 5, 12, 1955);
insert into employee (employeeID, userID, firstName, lastName, country, state, zip, streetName, streetNum, email, phone, reportsTo, positionID, divID, deptID, companyID, salary, birthDay, birthMonth, birthYear) values (75, 75, 'Cesar', 'Silvermann', 'United States', 'Wyoming', 31421, 'Jay', 884, 'csilvermann22@pen.io', '', null, 75, 1, 4, 5, 20, 31, 8, 1958);
insert into employee (employeeID, userID, firstName, lastName, country, state, zip, streetName, streetNum, email, phone, reportsTo, positionID, divID, deptID, companyID, salary, birthDay, birthMonth, birthYear) values (76, 76, 'Kermit', 'Sorro', 'United States', 'Virginia', 77745, 'Garrison', 780, 'ksorro23@chicagotribune.com', '602-739-0259', null, 76, 1, 4, 5, 138, 16, 2, 1967);
insert into employee (employeeID, userID, firstName, lastName, country, state, zip, streetName, streetNum, email, phone, reportsTo, positionID, divID, deptID, companyID, salary, birthDay, birthMonth, birthYear) values (77, 77, 'Karoly', 'Chaplyn', 'United States', 'California', 56105, 'Montana', 812, 'kchaplyn24@bizjournals.com', '251-529-9030', null, 77, 2, 4, 5, 51, 22, 12, 1970);
insert into employee (employeeID, userID, firstName, lastName, country, state, zip, streetName, streetNum, email, phone, reportsTo, positionID, divID, deptID, companyID, salary, birthDay, birthMonth, birthYear) values (78, 78, 'Oberon', 'Tabard', 'United States', 'Tennessee', 59453, 'Johnson', 220, 'otabard25@independent.co.uk', '786-856-2488', null, 78, 2, 4, 5, 122, 14, 1, 1990);
insert into employee (employeeID, userID, firstName, lastName, country, state, zip, streetName, streetNum, email, phone, reportsTo, positionID, divID, deptID, companyID, salary, birthDay, birthMonth, birthYear) values (79, 79, 'Regina', 'Berka', 'United States', 'Florida', 42910, 'Mendota', 173, 'rberka26@intel.com', '307-557-6516', null, 79, 1, 5, 5, 104, 31, 2, 1970);
insert into employee (employeeID, userID, firstName, lastName, country, state, zip, streetName, streetNum, email, phone, reportsTo, positionID, divID, deptID, companyID, salary, birthDay, birthMonth, birthYear) values (80, 80, 'Alberta', 'Stefi', 'United States', 'Texas', 43330, 'Eastwood', 95, 'astefi27@ox.ac.uk', '571-317-7576', null, 80, 1, 5, 5, 95, 13, 7, 1971);
insert into employee (employeeID, userID, firstName, lastName, country, state, zip, streetName, streetNum, email, phone, reportsTo, positionID, divID, deptID, companyID, salary, birthDay, birthMonth, birthYear) values (81, 81, 'Chlo', 'Richford', 'United States', 'Illinois', 76259, 'Graedel', 5, 'crichford28@phpbb.com', '619-784-5912', null, 81, 2, 5, 5, 541, 20, 5, 1983);
insert into employee (employeeID, userID, firstName, lastName, country, state, zip, streetName, streetNum, email, phone, reportsTo, positionID, divID, deptID, companyID, salary, birthDay, birthMonth, birthYear) values (82, 82, 'Deeann', 'Manach', 'United States', 'Texas', 21432, 'Colorado', 926, 'dmanach29@craigslist.org', '901-172-5660', null, 82, 2, 5, 5, 122, 31, 7, 1977);
insert into employee (employeeID, userID, firstName, lastName, country, state, zip, streetName, streetNum, email, phone, reportsTo, positionID, divID, deptID, companyID, salary, birthDay, birthMonth, birthYear) values (83, 83, 'Hortensia', 'Margerrison', 'United States', 'Kentucky', 65405, 'Annamark', 406, 'hmargerrison2a@imgur.com', '786-594-8968', null, 83, 1, 1, 6, 25, 17, 7, 1978);
insert into employee (employeeID, userID, firstName, lastName, country, state, zip, streetName, streetNum, email, phone, reportsTo, positionID, divID, deptID, companyID, salary, birthDay, birthMonth, birthYear) values (84, 84, 'Becky', 'Northern', 'United States', 'North Carolina', 29644, 'Grim', 514, 'bnorthern2b@arizona.edu', '806-828-5281', null, 84, 1, 1, 6, 104, 30, 8, 1987);
insert into employee (employeeID, userID, firstName, lastName, country, state, zip, streetName, streetNum, email, phone, reportsTo, positionID, divID, deptID, companyID, salary, birthDay, birthMonth, birthYear) values (85, 85, 'Alfredo', 'Kener', 'United States', 'District of Columbia', 13247, 'Old Gate', 906, 'akener2c@squarespace.com', '815-125-3234', null, 85, 2, 1, 6, 104, 28, 7, 1987);
insert into employee (employeeID, userID, firstName, lastName, country, state, zip, streetName, streetNum, email, phone, reportsTo, positionID, divID, deptID, companyID, salary, birthDay, birthMonth, birthYear) values (86, 86, 'Mabelle', 'Tackell', 'United States', 'Florida', 28261, 'Mifflin', 22, 'mtackell2d@simplemachines.org', '281-198-2977', null, 86, 2, 1, 6, 27, 14, 3, 1976);
insert into employee (employeeID, userID, firstName, lastName, country, state, zip, streetName, streetNum, email, phone, reportsTo, positionID, divID, deptID, companyID, salary, birthDay, birthMonth, birthYear) values (87, 87, 'Emmi', 'Cahalin', 'United States', 'Florida', 52624, 'Pond', 871, 'ecahalin2e@imageshack.us', '859-218-5237', null, 87, 3, 1, 6, 44, 18, 11, 1967);
insert into employee (employeeID, userID, firstName, lastName, country, state, zip, streetName, streetNum, email, phone, reportsTo, positionID, divID, deptID, companyID, salary, birthDay, birthMonth, birthYear) values (88, 88, 'Ladonna', 'Whittles', 'United States', 'Colorado', 46002, 'Shopko', 733, 'lwhittles2f@answers.com', '910-388-5661', null, 88, 3, 1, 6, 144, 25, 7, 1972);
insert into employee (employeeID, userID, firstName, lastName, country, state, zip, streetName, streetNum, email, phone, reportsTo, positionID, divID, deptID, companyID, salary, birthDay, birthMonth, birthYear) values (89, 89, 'Jenelle', 'Fernando', 'United States', 'District of Columbia', 56256, 'West Way', 67, 'jfernando2g@arizona.edu', '202-969-7709', null, 89, 1, 1, 7, 48, 29, 7, 1971);
insert into employee (employeeID, userID, firstName, lastName, country, state, zip, streetName, streetNum, email, phone, reportsTo, positionID, divID, deptID, companyID, salary, birthDay, birthMonth, birthYear) values (90, 90, 'Norrie', 'Schimonek', 'United States', 'New York', 11510, 'Short Place', 38, 'nschimonek2h@hugedomains.com', '590-263-0173', null, 90, 1, 1, 7, 90, 1, 1, 2000);
insert into employee (employeeID, userID, firstName, lastName, country, state, zip, streetName, streetNum, email, phone, reportsTo, positionID, divID, deptID, companyID, salary, birthDay, birthMonth, birthYear) values (91, 91, 'Filmer', 'Skyram', 'United States', 'Tennessee', 94601, 'Kingsford', 246, 'fskyram2i@ifeng.com', '813-533-4015', null, 91, 1, 2, 7, 25, 14, 12, 1957);
insert into employee (employeeID, userID, firstName, lastName, country, state, zip, streetName, streetNum, email, phone, reportsTo, positionID, divID, deptID, companyID, salary, birthDay, birthMonth, birthYear) values (92, 92, 'Jeno', 'Forcer', 'United States', 'Florida', 67105, 'Eastlawn', 182, 'jforcer2j@mail.ru', '321-566-4279',  null, 92, 1, 2, 7, 84, 4, 1, 1965);
insert into employee (employeeID, userID, firstName, lastName, country, state, zip, streetName, streetNum, email, phone, reportsTo, positionID, divID, deptID, companyID, salary, birthDay, birthMonth, birthYear) values (93, 93, 'Delmer', 'Augur', 'United States', 'Georgia', 98986, 'Katie', 625, 'daugur2k@google.co.uk', '719-158-3060', null, 93, 2, 2, 7, 100, 22, 5, 1958);
insert into employee (employeeID, userID, firstName, lastName, country, state, zip, streetName, streetNum, email, phone, reportsTo, positionID, divID, deptID, companyID, salary, birthDay, birthMonth, birthYear) values (94, 94, 'Trefor', 'Ucceli', 'United States', 'Indiana', 43869, 'Ohio', 809, 'tucceli2l@csmonitor.com', '202-230-2091', null, 94, 2, 2, 7, 78, 23, 10, 1957);
insert into employee (employeeID, userID, firstName, lastName, country, state, zip, streetName, streetNum, email, phone, reportsTo, positionID, divID, deptID, companyID, salary, birthDay, birthMonth, birthYear) values (95, 95, 'Giacomo', 'Simonaitis', 'United States', 'Texas', 69195, 'Walton', 680, 'gsimonaitis2m@w3.org', '865-982-0543', null, 95, 1, 3, 7, 34, 24, 9, 1957);
insert into employee (employeeID, userID, firstName, lastName, country, state, zip, streetName, streetNum, email, phone, reportsTo, positionID, divID, deptID, companyID, salary, birthDay, birthMonth, birthYear) values (96, 96, 'Maritsa', 'Weaver', 'United States', 'Texas', 33987, 'Lerdahl', 696, 'mweaver2n@google.ca', '754-508-6408', null, 96, 1, 3, 7, 23, 12, 4, 1978);
insert into employee (employeeID, userID, firstName, lastName, country, state, zip, streetName, streetNum, email, phone, reportsTo, positionID, divID, deptID, companyID, salary, birthDay, birthMonth, birthYear) values (97, 97, 'Mordy', 'Barwis', 'United States', 'Kansas', 75074, 'Blackbird', 489, 'mbarwis2o@globo.com', '478-904-5225', null, 97, 2, 3, 7, 36, 23, 11, 1971);
insert into employee (employeeID, userID, firstName, lastName, country, state, zip, streetName, streetNum, email, phone, reportsTo, positionID, divID, deptID, companyID, salary, birthDay, birthMonth, birthYear) values (98, 98, 'Orton', 'Bafford', 'United States', 'California', 36180, 'Dakota', 288, 'obafford2p@blogtalkradio.com', '812-159-0396', null, 98, 2, 3, 7, 148, 23, 1, 1956);
insert into employee (employeeID, userID, firstName, lastName, country, state, zip, streetName, streetNum, email, phone, reportsTo, positionID, divID, deptID, companyID, salary, birthDay, birthMonth, birthYear) values (99, 99, 'Ellery', 'Gooderham', 'United States', 'Illinois', 23980, 'Fisk', 646, 'egooderham2q@dailymail.co.uk', '903-566-5629', null, 99, 1, 4, 7, 143, 17, 4, 1990);
insert into employee (employeeID, userID, firstName, lastName, country, state, zip, streetName, streetNum, email, phone, reportsTo, positionID, divID, deptID, companyID, salary, birthDay, birthMonth, birthYear) values (100, 100, 'Belia', 'Crosseland', 'United States', 'Nevada', 59443, 'Manufacturers', 601, 'bcrosseland2r@ucsd.edu', '210-216-1443', null, 100, 1, 4, 7, 109, 10, 1, 1964);
insert into employee (employeeID, userID, firstName, lastName, country, state, zip, streetName, streetNum, email, phone, reportsTo, positionID, divID, deptID, companyID, salary, birthDay, birthMonth, birthYear) values (101, 101, 'Royce', 'Axelby', 'United States', 'California', 84137, 'Kim', 813, 'raxelby2s@t.co', '785-946-3681', null, 101, 1, 1, 8, 28, 9, 2, 1970);
insert into employee (employeeID, userID, firstName, lastName, country, state, zip, streetName, streetNum, email, phone, reportsTo, positionID, divID, deptID, companyID, salary, birthDay, birthMonth, birthYear) values (102, 102, 'Judye', 'Antonietti', 'United States', 'Kentucky', 11998, 'Ramsey', 160, 'jantonietti2t@imageshack.us', '510-650-4121', null, 102, 1, 1, 8, 144, 7, 4, 1975);
insert into employee (employeeID, userID, firstName, lastName, country, state, zip, streetName, streetNum, email, phone, reportsTo, positionID, divID, deptID, companyID, salary, birthDay, birthMonth, birthYear) values (103, 103, 'Janaya', 'Waldrum', 'United States', 'Kentucky', 48861, 'Farmco', 953, 'jwaldrum2u@liveinternet.ru', '630-195-2485', null, 103, 2, 1, 8, 78, 28, 8, 1980);
insert into employee (employeeID, userID, firstName, lastName, country, state, zip, streetName, streetNum, email, phone, reportsTo, positionID, divID, deptID, companyID, salary, birthDay, birthMonth, birthYear) values (104, 104, 'Janos', 'Glenton', 'United States', 'District of Columbia', 94527, 'Homewood', 249, 'jglenton2v@mlb.com', '702-678-6002', null, 104, 2, 1, 8, 119, 16, 7, 1989);
insert into employee (employeeID, userID, firstName, lastName, country, state, zip, streetName, streetNum, email, phone, reportsTo, positionID, divID, deptID, companyID, salary, birthDay, birthMonth, birthYear) values (105, 105, 'Irina', 'Doud', 'United States', 'Colorado', 54758, 'Westridge', 333, 'idoud2w@wikispaces.com', '626-784-7850', null, 105, 3, 1, 8, 65, 24, 4, 1987);
insert into employee (employeeID, userID, firstName, lastName, country, state, zip, streetName, streetNum, email, phone, reportsTo, positionID, divID, deptID, companyID, salary, birthDay, birthMonth, birthYear) values (106, 106, 'Gawen', 'Bimson', 'United States', 'Arizona', 81584, 'Butternut', 739, 'gbimson2x@psu.edu', '502-374-1143', null, 106, 3, 1, 8, 26, 15, 9, 2002);
insert into employee (employeeID, userID, firstName, lastName, country, state, zip, streetName, streetNum, email, phone, reportsTo, positionID, divID, deptID, companyID, salary, birthDay, birthMonth, birthYear) values (107, 107, 'Kay', 'Scamerdine', 'United States', 'New York', 60582, 'Morningstar', 88, 'kscamerdine2y@seesaa.net', '859-489-9792', null, 107, 1, 2, 8, 129, 12, 12, 1975);
insert into employee (employeeID, userID, firstName, lastName, country, state, zip, streetName, streetNum, email, phone, reportsTo, positionID, divID, deptID, companyID, salary, birthDay, birthMonth, birthYear) values (108, 108, 'Rochelle', 'Schohier', 'United States', 'Texas', 58052, 'Dapin', 488, 'rschohier2z@reuters.com', '202-140-1961', null, 108, 1, 2, 8, 79, 24, 6, 1988);
insert into employee (employeeID, userID, firstName, lastName, country, state, zip, streetName, streetNum, email, phone, reportsTo, positionID, divID, deptID, companyID, salary, birthDay, birthMonth, birthYear) values (109, 109, 'Corilla', 'Vevers', 'United States', 'Iowa', 67372, 'Hoepker', 614, 'cvevers30@wikispaces.com', '719-141-7104', null, 109, 2, 2, 8, 63, 2, 11, 1978);
insert into employee (employeeID, userID, firstName, lastName, country, state, zip, streetName, streetNum, email, phone, reportsTo, positionID, divID, deptID, companyID, salary, birthDay, birthMonth, birthYear) values (110, 110, 'Corbie', 'Tuft', 'United States', 'Washington', 41319, 'Porter', 901, 'ctuft31@pbs.org', '602-899-4509', null, 110, 2, 2, 8, 82, 23, 5, 1976);
insert into employee (employeeID, userID, firstName, lastName, country, state, zip, streetName, streetNum, email, phone, reportsTo, positionID, divID, deptID, companyID, salary, birthDay, birthMonth, birthYear) values (111, 111, 'Torrey', 'Midson', 'United States', 'Oregon', 50644, 'Starling', 223, 'tmidson32@shop-pro.jp', '917-202-0157', null, 111, 3, 2, 8, 81, 14, 8, 1970);
insert into employee (employeeID, userID, firstName, lastName, country, state, zip, streetName, streetNum, email, phone, reportsTo, positionID, divID, deptID, companyID, salary, birthDay, birthMonth, birthYear) values (112, 112, 'Lona', 'Kemwal', 'United States', 'Michigan', 11196, 'Washington', 786, 'lkemwal33@fotki.com', '214-385-5745', null, 112, 3, 2, 8, 57, 22, 8, 1983);
insert into employee (employeeID, userID, firstName, lastName, country, state, zip, streetName, streetNum, email, phone, reportsTo, positionID, divID, deptID, companyID, salary, birthDay, birthMonth, birthYear) values (113, 113, 'Fidelio', 'Hadingham', 'United States', 'West Virginia', 20203, 'South', 803, 'fhadingham34@instagram.com', '712-875-2454', null, 113, 1, 1, 9, 129, 25, 6, 1967);
insert into employee (employeeID, userID, firstName, lastName, country, state, zip, streetName, streetNum, email, phone, reportsTo, positionID, divID, deptID, companyID, salary, birthDay, birthMonth, birthYear) values (114, 114, 'Ileana', 'Chupin', 'United States', 'Ohio', 64989, 'Mockingbird', 352, 'ichupin35@webnode.com', '509-738-2539', null, 114, 1, 1, 9, 111, 26, 6, 1972);
insert into employee (employeeID, userID, firstName, lastName, country, state, zip, streetName, streetNum, email, phone, reportsTo, positionID, divID, deptID, companyID, salary, birthDay, birthMonth, birthYear) values (115, 115, 'Sayres', 'Kayne', 'United States', 'Nebraska', 17701, 'Sutherland', 38, 'skayne36@theguardian.com', '503-271-2372', null, 115, 2, 1, 9, 137, 5, 12, 1969);
insert into employee (employeeID, userID, firstName, lastName, country, state, zip, streetName, streetNum, email, phone, reportsTo, positionID, divID, deptID, companyID, salary, birthDay, birthMonth, birthYear) values (116, 116, 'Winifield', 'Sextie', 'United States', 'West Virginia', 30389, 'Melrose', 395, 'wsextie37@lycos.com', '313-240-9318', null, 116, 2, 1, 9, 117, 7, 12, 1996);
insert into employee (employeeID, userID, firstName, lastName, country, state, zip, streetName, streetNum, email, phone, reportsTo, positionID, divID, deptID, companyID, salary, birthDay, birthMonth, birthYear) values (117, 117, 'Blondelle', 'Reedyhough', 'United States', 'Iowa', 28357, 'Talmadge', 726, 'breedyhough38@shareasale.com', '304-948-9680', null, 117, 3, 1, 9, 108, 27, 1, 1974);
insert into employee (employeeID, userID, firstName, lastName, country, state, zip, streetName, streetNum, email, phone, reportsTo, positionID, divID, deptID, companyID, salary, birthDay, birthMonth, birthYear) values (118, 118, 'Porter', 'Worboy', 'United States', 'California', 70600, 'American Ash', 438, 'pworboy39@prnewswire.com', '937-928-3241', null, 118, 3, 1, 9, 76, 6, 11, 1971);
insert into employee (employeeID, userID, firstName, lastName, country, state, zip, streetName, streetNum, email, phone, reportsTo, positionID, divID, deptID, companyID, salary, birthDay, birthMonth, birthYear) values (119, 119, 'Kim', 'Luffman', 'United States', 'North Dakota', 41111, 'Sherman', 766, 'kluffman3a@army.mil', '402-616-4645', null, 119, 4, 1, 9, 143, 4, 12, 1975);
insert into employee (employeeID, userID, firstName, lastName, country, state, zip, streetName, streetNum, email, phone, reportsTo, positionID, divID, deptID, companyID, salary, birthDay, birthMonth, birthYear) values (121, 121, 'Darcee', 'Measey', 'United States', 'Texas', 59279, 'Ronald Regan', 548, 'dmeasey3c@salon.com', '515-408-6578', null, 121, 1, 1, 10, 31, 7, 5, 1996);
insert into employee (employeeID, userID, firstName, lastName, country, state, zip, streetName, streetNum, email, phone, reportsTo, positionID, divID, deptID, companyID, salary, birthDay, birthMonth, birthYear) values (122, 122, 'Yancey', 'Ollenbuttel', 'United States', 'Florida', 23803, 'Morrow', 991, 'yollenbuttel3d@people.com.cn', '909-973-6897', null, 122, 1, 1, 10, 32, 24, 12, 1986);
insert into employee (employeeID, userID, firstName, lastName, country, state, zip, streetName, streetNum, email, phone, reportsTo, positionID, divID, deptID, companyID, salary, birthDay, birthMonth, birthYear) values (123, 123, 'Sutherlan', 'Edmand', 'United States', 'Idaho', 99613, 'Gerald', 142, 'sedmand3e@prnewswire.com', '701-849-2495', null, 123, 2, 1, 10, 47, 20, 12, 1975);
insert into employee (employeeID, userID, firstName, lastName, country, state, zip, streetName, streetNum, email, phone, reportsTo, positionID, divID, deptID, companyID, salary, birthDay, birthMonth, birthYear) values (124, 124, 'Ariela', 'Hattigan', 'United States', 'District of Columbia', 15202, 'Kipling', 721, 'ahattigan3f@bbb.org', '305-816-0103', null, 124, 2, 1, 10, 102, 25, 7, 1993);
insert into employee (employeeID, userID, firstName, lastName, country, state, zip, streetName, streetNum, email, phone, reportsTo, positionID, divID, deptID, companyID, salary, birthDay, birthMonth, birthYear) values (125, 125, 'Ilse', 'Haberfield', 'United States', 'New York', 33444, 'Golden Leaf', 480, 'ihaberfield3g@canalblog.com', '214-493-5742', null, 125, 1, 2, 10, 57, 16, 3, 1964);
insert into employee (employeeID, userID, firstName, lastName, country, state, zip, streetName, streetNum, email, phone, reportsTo, positionID, divID, deptID, companyID, salary, birthDay, birthMonth, birthYear) values (126, 126, 'Eduino', 'Caldwall', 'United States', 'New York', 35512, 'Westport', 668, 'ecaldwall3h@flickr.com', '813-120-2850', null, 126, 1, 2, 10, 102, 13, 8, 1988);
insert into employee (employeeID, userID, firstName, lastName, country, state, zip, streetName, streetNum, email, phone, reportsTo, positionID, divID, deptID, companyID, salary, birthDay, birthMonth, birthYear) values (127, 127, 'Erminia', 'Burland', 'United States', 'Alabama', 28496, 'Aberg', 289, 'eburland3i@trellian.com', '208-143-4445', null, 127, 2, 2, 10, 54, 12, 4, 1963);
insert into employee (employeeID, userID, firstName, lastName, country, state, zip, streetName, streetNum, email, phone, reportsTo, positionID, divID, deptID, companyID, salary, birthDay, birthMonth, birthYear) values (128, 128, 'Ethel', 'Hale', 'United States', 'Washington', 22751, 'Talmadge', 732, 'ehale3j@photobucket.com', '202-556-7434', null, 128, 2, 2, 10, 114, 9, 1, 1998);
insert into employee (employeeID, userID, firstName, lastName, country, state, zip, streetName, streetNum, email, phone, reportsTo, positionID, divID, deptID, companyID, salary, birthDay, birthMonth, birthYear) values (129, 129, 'Viola', 'Doyley', 'United States', 'Washington', 24790, 'Dakota', 440, 'vdoyley3k@shutterfly.com', '718-799-5818', null, 129, 3, 2, 10, 112, 25, 7, 1957);
insert into employee (employeeID, userID, firstName, lastName, country, state, zip, streetName, streetNum, email, phone, reportsTo, positionID, divID, deptID, companyID, salary, birthDay, birthMonth, birthYear) values (130, 130, 'Katerina', 'Prisley', 'United States', 'Florida', 43912, 'Old Gate', 3, 'kprisley3l@europa.eu', '518-277-6925', null, 130, 3, 2, 10, 21, 5, 2, 1982);
insert into employee (employeeID, userID, firstName, lastName, country, state, zip, streetName, streetNum, email, phone, reportsTo, positionID, divID, deptID, companyID, salary, birthDay, birthMonth, birthYear) values (131, 131, 'Helen-elizabeth', 'Halliberton', 'United States', 'New York', 63098, 'Elmside', 960, 'hhalliberton3m@addthis.com', '251-722-0633', null, 131, 1, 3, 10, 81, 1, 8, 1982);
insert into employee (employeeID, userID, firstName, lastName, country, state, zip, streetName, streetNum, email, phone, reportsTo, positionID, divID, deptID, companyID, salary, birthDay, birthMonth, birthYear) values (132, 132, 'Marcelline', 'Cavanaugh', 'United States', 'Georgia', 73153, 'Vahlen', 122, 'mcavanaugh3n@newyorker.com', '509-564-1589', null, 132, 1, 3, 10, 128, 10, 4, 1970);
insert into employee (employeeID, userID, firstName, lastName, country, state, zip, streetName, streetNum, email, phone, reportsTo, positionID, divID, deptID, companyID, salary, birthDay, birthMonth, birthYear) values (133, 133, 'Powell', 'Reynault', 'United States', 'Alabama', 68353, 'Anthes', 207, 'preynault3o@unblog.fr', '253-295-8668', null, 133, 2, 3, 10, 128, 24, 6, 1978);
insert into employee (employeeID, userID, firstName, lastName, country, state, zip, streetName, streetNum, email, phone, reportsTo, positionID, divID, deptID, companyID, salary, birthDay, birthMonth, birthYear) values (134, 134, 'Annabal', 'Nyles', 'United States', 'New York', 84060, 'Sunbrook', 782, 'anyles3p@admin.ch', '904-614-3032', null, 134, 2, 3, 10, 107, 6, 12, 1965);
insert into employee (employeeID, userID, firstName, lastName, country, state, zip, streetName, streetNum, email, phone, reportsTo, positionID, divID, deptID, companyID, salary, birthDay, birthMonth, birthYear) values (135, 135, 'Orella', 'Kermode', 'United States', 'Texas', 45618, 'Derek', 732, 'okermode3q@nhs.uk', '904-614-3032', null, 135, 3, 3, 10, 50, 3, 12, 1970);
insert into employee (employeeID, userID, firstName, lastName, country, state, zip, streetName, streetNum, email, phone, reportsTo, positionID, divID, deptID, companyID, salary, birthDay, birthMonth, birthYear) values (136, 136, 'Elmore', 'Briereton', 'United States', 'Tennessee', 48808, 'Comanche', 383, 'ebriereton3r@e-recht24.de', '706-563-8039', null, 136, 3, 3, 10, 135, 9, 5, 1967);
insert into employee (employeeID, userID, firstName, lastName, country, state, zip, streetName, streetNum, email, phone, reportsTo, positionID, divID, deptID, companyID, salary, birthDay, birthMonth, birthYear) values (137, 137, 'Theresina', 'Boddington', 'United States', 'District of Columbia', 17566, 'Eggendart', 234, 'tboddington3s@wunderground.com', '334-345-5022', null, 137, 1, 4, 10, 94, 20, 9, 1972);
insert into employee (employeeID, userID, firstName, lastName, country, state, zip, streetName, streetNum, email, phone, reportsTo, positionID, divID, deptID, companyID, salary, birthDay, birthMonth, birthYear) values (138, 138, 'Benjamen', 'Loadsman', 'United States', 'California', 82988, 'Quincy', 690, 'bloadsman3t@google.de', '212-195-1869', null, 138, 1, 4, 10, 88, 7, 6, 2001);
insert into employee (employeeID, userID, firstName, lastName, country, state, zip, streetName, streetNum, email, phone, reportsTo, positionID, divID, deptID, companyID, salary, birthDay, birthMonth, birthYear) values (139, 139, 'Estele', 'Rapelli', 'United States', 'Nevada', 63874, 'Mcbride', 581, 'erapelli3u@businessweek.com', '979-275-3998', null, 139, 2, 4, 10, 88, 26, 9, 1959);
insert into employee (employeeID, userID, firstName, lastName, country, state, zip, streetName, streetNum, email, phone, reportsTo, positionID, divID, deptID, companyID, salary, birthDay, birthMonth, birthYear) values (140, 140, 'Pearce', 'Taylot', 'United States', 'Tennessee', 80228, 'Fordem', 368, 'ptaylot3v@ted.com', '901-571-0127', null, 140, 2, 4, 10, 61, 8, 2, 1964);
insert into employee (employeeID, userID, firstName, lastName, country, state, zip, streetName, streetNum, email, phone, reportsTo, positionID, divID, deptID, companyID, salary, birthDay, birthMonth, birthYear) values (141, 141, 'Rosmunda', 'Forryan', 'United States', 'New York', 51358, 'Mcguire', 381, 'rforryan3w@techcrunch.com', '202-451-0860', null, 141, 3, 4, 10, 127, 4, 6, 1999);
insert into employee (employeeID, userID, firstName, lastName, country, state, zip, streetName, streetNum, email, phone, reportsTo, positionID, divID, deptID, companyID, salary, birthDay, birthMonth, birthYear) values (142, 142, 'Schuyler', 'Roggero', 'United States', 'Minnesota', 25197, 'Stang', 656, 'sroggero3x@pcworld.com', '650-471-7896', null, 142, 3, 4, 10, 95, 21, 1, 1982);
insert into employee (employeeID, userID, firstName, lastName, country, state, zip, streetName, streetNum, email, phone, reportsTo, positionID, divID, deptID, companyID, salary, birthDay, birthMonth, birthYear) values (143, 143, 'Nick', 'Carsberg', 'United States', 'Michigan', 97681, 'Caliangt', 323, 'ncarsberg3y@irs.gov', '702-324-1169', null, 143, 1, 1, 11, 20, 9, 11, 2002);
insert into employee (employeeID, userID, firstName, lastName, country, state, zip, streetName, streetNum, email, phone, reportsTo, positionID, divID, deptID, companyID, salary, birthDay, birthMonth, birthYear) values (144, 144, 'Melonie', 'Ellingford', 'United States', 'Ohio', 83910, 'Commercial', 652, 'mellingford3z@abc.net.au', '901-495-4107', null, 144, 1, 1, 11, 72, 8, 6, 1992);
insert into employee (employeeID, userID, firstName, lastName, country, state, zip, streetName, streetNum, email, phone, reportsTo, positionID, divID, deptID, companyID, salary, birthDay, birthMonth, birthYear) values (145, 145, 'Juan', 'Prestland', 'United States', 'Montana', 71684, 'Burning Wood', 744, 'jprestland40@amazon.de', '716-303-9644', null, 145, 2, 1, 11, 120, 31, 1, 1955);
insert into employee (employeeID, userID, firstName, lastName, country, state, zip, streetName, streetNum, email, phone, reportsTo, positionID, divID, deptID, companyID, salary, birthDay, birthMonth, birthYear) values (146, 146, 'Briny', 'Simmans', 'United States', 'Missouri', 95911, 'Dovetail', 274, 'bsimmans41@etsy.com', '218-181-5333', null, 146, 2, 1, 11, 98, 28, 2, 1974);
insert into employee (employeeID, userID, firstName, lastName, country, state, zip, streetName, streetNum, email, phone, reportsTo, positionID, divID, deptID, companyID, salary, birthDay, birthMonth, birthYear) values (147, 147, 'Laurianne', 'Pestricke', 'United States', 'Alaska', 63479, 'Schiller', 457, 'lpestricke42@usatoday.com', '517-262-2731', null, 147, 1, 2, 11, 100, 1, 5, 1978);
insert into employee (employeeID, userID, firstName, lastName, country, state, zip, streetName, streetNum, email, phone, reportsTo, positionID, divID, deptID, companyID, salary, birthDay, birthMonth, birthYear) values (148, 148, 'Aldus', 'Penfold', 'United States', 'California', 65101, 'Roxbury', 452, 'apenfold43@amazon.co.uk', '513-320-3041', null, 148, 1, 2, 11, 53, 15, 1, 1974);
insert into employee (employeeID, userID, firstName, lastName, country, state, zip, streetName, streetNum, email, phone, reportsTo, positionID, divID, deptID, companyID, salary, birthDay, birthMonth, birthYear) values (149, 149, 'Lilah', 'Compson', 'United States', 'Michigan', 31363, 'Oriole', 890, 'lcompson44@marketwatch.com', '406-365-4335', null, 149, 2, 2, 11, 84, 13, 3, 1958);
insert into employee (employeeID, userID, firstName, lastName, country, state, zip, streetName, streetNum, email, phone, reportsTo, positionID, divID, deptID, companyID, salary, birthDay, birthMonth, birthYear) values (150, 150, 'Virgilio', 'Theunissen', 'United States', 'Maryland', 73506, 'Bunker Hill', 143, 'vtheunissen45@auda.org.au', '816-838-8636', null, 150, 2, 2, 11, 122, 8, 10, 1986);
#alter department for foreign keys

alter table department
    add constraint fk_managerID_dept
        foreign key (managerID) references employee (employeeID)
        on update cascade on delete restrict;

#alter division for foreign keys

alter table division
    add constraint fk_managerID
        foreign key (managerID) references employee (employeeID);

##departure table and insert statements
/*
create table departure(
    departureID int auto_increment,
    divID int,
    deptID int,
    companyID int,
    employeeID int,
    duration float,
    departureDate datetime default current_timestamp,
    reasonForDeparture text,
    departureReasonLabel text,
    constraint pk_departure primary key (departureID, divID, deptID, companyID),
    constraint fk_divID_depart
        foreign key (divID) references employee (divID)
        on update cascade on delete restrict,
    constraint fk_deptID_depart
        foreign key (deptID) references employee (deptID)
        on update cascade on delete restrict,
    constraint fk_companyID_depart
        foreign key (companyID) references employee (companyID)
        on update cascade on delete restrict,
    constraint fk_empID_depart
        foreign key (employeeID) references employee (employeeID)
        on update cascade on delete restrict
);
insert into departure (departureID, divID, deptID, companyID, employeeID, duration, reasonForDeparture, departureReasonLabel) values (1, 1, 2, 6, 61, 13, 'Nulla facilisi. Cras non velit nec nisi vulputate nonummy. Maecenas tincidunt lacus at velit. Vivamus vel nulla eget eros elementum pellentesque.', 'a odio');
insert into departure (departureID, divID, deptID, companyID, employeeID, duration, reasonForDeparture, departureReasonLabel) values (2, 1, 3, 16, 40, 7, 'Proin at turpis a pede posuere nonummy. Integer non velit. Donec diam neque, vestibulum eget, vulputate ut, ultrices vel, augue.', 'quis');
insert into departure (departureID, divID, deptID, companyID, employeeID, duration, reasonForDeparture, departureReasonLabel) values (3, 2, 1, 4, 31, 9, 'Aenean lectus.', 'libero');
insert into departure (departureID, divID, deptID, companyID, employeeID, duration, reasonForDeparture, departureReasonLabel) values (4, 1, 2, 8, 137, 12, 'Maecenas tincidunt lacus at velit. Vivamus vel nulla eget eros elementum pellentesque. Quisque porta volutpat erat.', 'in hac habitasse');
insert into departure (departureID, divID, deptID, companyID, employeeID, duration, reasonForDeparture, departureReasonLabel) values (5, 1, 4, 19, 66, 8, 'Suspendisse potenti. In eleifend quam a odio. In hac habitasse platea dictumst.', 'dapibus');
insert into departure (departureID, divID, deptID, companyID, employeeID, duration, reasonForDeparture, departureReasonLabel) values (6, 2, 3, 20, 52, 15, 'Quisque erat eros, viverra eget, congue eget, semper rutrum, nulla. Nunc purus. Phasellus in felis. Donec semper sapien a libero.', 'nam dui');
insert into departure (departureID, divID, deptID, companyID, employeeID, duration, reasonForDeparture, departureReasonLabel) values (7, 3, 3, 20, 121, 14, 'Proin risus. Praesent lectus. Vestibulum quam sapien, varius ut, blandit non, interdum in, ante.', 'massa id');
insert into departure (departureID, divID, deptID, companyID, employeeID, duration, reasonForDeparture, departureReasonLabel) values (8, 1, 4, 18, 39, 15, 'Proin interdum mauris non ligula pellentesque ultrices. Phasellus id sapien in sapien iaculis congue.', 'eget');
insert into departure (departureID, divID, deptID, companyID, employeeID, duration, reasonForDeparture, departureReasonLabel) values (9, 1, 3, 16, 123, 12, 'Vestibulum ac est lacinia nisi venenatis tristique. Fusce congue, diam id ornare imperdiet, sapien urna pretium nisl, ut volutpat sapien arcu sed augue. Aliquam erat volutpat. In congue.', 'ipsum aliquam');
insert into departure (departureID, divID, deptID, companyID, employeeID, duration, reasonForDeparture, departureReasonLabel) values (10, 2, 4, 4, 66, 11, 'Nulla tempus. Vivamus in felis eu sapien cursus vestibulum. Proin eu mi. Nulla ac enim.', 'felis');
insert into departure (departureID, divID, deptID, companyID, employeeID, duration, reasonForDeparture, departureReasonLabel) values (11, 3, 3, 14, 12, 15, 'Aliquam augue quam, sollicitudin vitae, consectetuer eget, rutrum at, lorem. Integer tincidunt ante vel ipsum. Praesent blandit lacinia erat. Vestibulum sed magna at nunc commodo placerat.', 'mi');
insert into departure (departureID, divID, deptID, companyID, employeeID, duration, reasonForDeparture, departureReasonLabel) values (12, 1, 4, 10, 95, 8, 'Integer ac leo.', 'vestibulum sit');
insert into departure (departureID, divID, deptID, companyID, employeeID, duration, reasonForDeparture, departureReasonLabel) values (13, 2, 1, 12, 39, 5, 'Donec vitae nisi. Nam ultrices, libero non mattis pulvinar, nulla pede ullamcorper augue, a suscipit nulla elit ac nulla.', 'proin');
insert into departure (departureID, divID, deptID, companyID, employeeID, duration, reasonForDeparture, departureReasonLabel) values (14, 3, 2, 7, 95, 7, 'Aenean sit amet justo. Morbi ut odio. Cras mi pede, malesuada in, imperdiet et, commodo vulputate, justo. In blandit ultrices enim.', 'eu felis fusce');
insert into departure (departureID, divID, deptID, companyID, employeeID, duration, reasonForDeparture, departureReasonLabel) values (15, 3, 2, 15, 99, 12, 'Lorem ipsum dolor sit amet, consectetuer adipiscing elit.', 'velit vivamus');
insert into departure (departureID, divID, deptID, companyID, employeeID, duration, reasonForDeparture, departureReasonLabel) values (16, 2, 4, 18, 35, 12, 'Nulla facilisi. Cras non velit nec nisi vulputate nonummy. Maecenas tincidunt lacus at velit.', 'congue');
insert into departure (departureID, divID, deptID, companyID, employeeID, duration, reasonForDeparture, departureReasonLabel) values (17, 1, 2, 19, 100, 9, 'Ut at dolor quis odio consequat varius. Integer ac leo. Pellentesque ultrices mattis odio. Donec vitae nisi.', 'cum sociis');
insert into departure (departureID, divID, deptID, companyID, employeeID, duration, reasonForDeparture, departureReasonLabel) values (18, 3, 4, 4, 92, 13, 'In tempor, turpis nec euismod scelerisque, quam turpis adipiscing lorem, vitae mattis nibh ligula nec sem. Duis aliquam convallis nunc.', 'quis orci');
insert into departure (departureID, divID, deptID, companyID, employeeID, duration, reasonForDeparture, departureReasonLabel) values (19, 1, 3, 16, 90, 1, 'Duis ac nibh. Fusce lacus purus, aliquet at, feugiat non, pretium quis, lectus. Suspendisse potenti.', 'sapien varius');
insert into departure (departureID, divID, deptID, companyID, employeeID, duration, reasonForDeparture, departureReasonLabel) values (20, 2, 4, 1, 48, 15, 'Mauris enim leo, rhoncus sed, vestibulum sit amet, cursus id, turpis. Integer aliquet, massa id lobortis convallis, tortor risus dapibus augue, vel accumsan tellus nisi eu orci. Mauris lacinia sapien quis libero. Nullam sit amet turpis elementum ligula vehicula consequat.', 'ac neque');
insert into departure (departureID, divID, deptID, companyID, employeeID, duration, reasonForDeparture, departureReasonLabel) values (21, 1, 2, 5, 129, 3, 'In tempor, turpis nec euismod scelerisque, quam turpis adipiscing lorem, vitae mattis nibh ligula nec sem. Duis aliquam convallis nunc. Proin at turpis a pede posuere nonummy. Integer non velit. Donec diam neque, vestibulum eget, vulputate ut, ultrices vel, augue.', 'felis sed');
insert into departure (departureID, divID, deptID, companyID, employeeID, duration, reasonForDeparture, departureReasonLabel) values (22, 2, 3, 12, 85, 14, 'Donec quis orci eget orci vehicula condimentum. Curabitur in libero ut massa volutpat convallis. Morbi odio odio, elementum eu, interdum eu, tincidunt in, leo. Maecenas pulvinar lobortis est.', 'accumsan');
insert into departure (departureID, divID, deptID, companyID, employeeID, duration, reasonForDeparture, departureReasonLabel) values (23, 1, 1, 6, 6, 15, 'Praesent blandit. Nam nulla. Integer pede justo, lacinia eget, tincidunt eget, tempus vel, pede. Morbi porttitor lorem id ligula.', 'augue vestibulum ante');
insert into departure (departureID, divID, deptID, companyID, employeeID, duration, reasonForDeparture, departureReasonLabel) values (24, 3, 1, 16, 75, 10, 'Morbi porttitor lorem id ligula. Suspendisse ornare consequat lectus. In est risus, auctor sed, tristique in, tempus sit amet, sem.', 'tempus');
insert into departure (departureID, divID, deptID, companyID, employeeID, duration, reasonForDeparture, departureReasonLabel) values (25, 1, 3, 4, 113, 15, 'Duis aliquam convallis nunc. Proin at turpis a pede posuere nonummy.', 'habitasse');
insert into departure (departureID, divID, deptID, companyID, employeeID, duration, reasonForDeparture, departureReasonLabel) values (26, 3, 3, 18, 142, 1, 'Praesent blandit lacinia erat. Vestibulum sed magna at nunc commodo placerat. Praesent blandit. Nam nulla. Integer pede justo, lacinia eget, tincidunt eget, tempus vel, pede.', 'quisque ut');
insert into departure (departureID, divID, deptID, companyID, employeeID, duration, reasonForDeparture, departureReasonLabel) values (27, 1, 1, 13, 147, 4, 'Nunc rhoncus dui vel sem. Sed sagittis. Nam congue, risus semper porta volutpat, quam pede lobortis ligula, sit amet eleifend pede libero quis orci. Nullam molestie nibh in lectus. Pellentesque at nulla.', 'in hac');
insert into departure (departureID, divID, deptID, companyID, employeeID, duration, reasonForDeparture, departureReasonLabel) values (28, 2, 1, 12, 140, 9, 'Morbi porttitor lorem id ligula. Suspendisse ornare consequat lectus. In est risus, auctor sed, tristique in, tempus sit amet, sem. Fusce consequat. Nulla nisl.', 'eu');
insert into departure (departureID, divID, deptID, companyID, employeeID, duration, reasonForDeparture, departureReasonLabel) values (29, 2, 4, 8, 113, 11, 'Nam dui. Proin leo odio, porttitor id, consequat in, consequat ut, nulla. Sed accumsan felis. Ut at dolor quis odio consequat varius. Integer ac leo.', 'nisi eu');
insert into departure (departureID, divID, deptID, companyID, employeeID, duration, reasonForDeparture, departureReasonLabel) values (30, 2, 3, 4, 108, 12, 'Nulla mollis molestie lorem. Quisque ut erat. Curabitur gravida nisi at nibh. In hac habitasse platea dictumst. Aliquam augue quam, sollicitudin vitae, consectetuer eget, rutrum at, lorem.', 'eleifend');
insert into departure (departureID, divID, deptID, companyID, employeeID, duration, reasonForDeparture, departureReasonLabel) values (31, 2, 1, 20, 113, 9, 'Etiam vel augue. Vestibulum rutrum rutrum neque. Aenean auctor gravida sem. Praesent id massa id nisl venenatis lacinia.', 'vestibulum sagittis');
insert into departure (departureID, divID, deptID, companyID, employeeID, duration, reasonForDeparture, departureReasonLabel) values (32, 1, 1, 18, 76, 7, 'Vestibulum ac est lacinia nisi venenatis tristique. Fusce congue, diam id ornare imperdiet, sapien urna pretium nisl, ut volutpat sapien arcu sed augue. Aliquam erat volutpat.', 'purus');
insert into departure (departureID, divID, deptID, companyID, employeeID, duration, reasonForDeparture, departureReasonLabel) values (33, 2, 2, 12, 80, 5, 'Vivamus vestibulum sagittis sapien. Cum sociis natoque penatibus et magnis dis parturient montes, nascetur ridiculus mus. Etiam vel augue. Vestibulum rutrum rutrum neque.', 'maecenas');
insert into departure (departureID, divID, deptID, companyID, employeeID, duration, reasonForDeparture, departureReasonLabel) values (34, 1, 2, 12, 89, 10, 'Pellentesque at nulla. Suspendisse potenti.', 'vestibulum');
insert into departure (departureID, divID, deptID, companyID, employeeID, duration, reasonForDeparture, departureReasonLabel) values (35, 1, 1, 8, 72, 15, 'Maecenas leo odio, condimentum id, luctus nec, molestie sed, justo. Pellentesque viverra pede ac diam. Cras pellentesque volutpat dui.', 'cursus');
insert into departure (departureID, divID, deptID, companyID, employeeID, duration, reasonForDeparture, departureReasonLabel) values (36, 1, 1, 6, 116, 7, 'Phasellus sit amet erat. Nulla tempus. Vivamus in felis eu sapien cursus vestibulum. Proin eu mi. Nulla ac enim.', 'id lobortis');
insert into departure (departureID, divID, deptID, companyID, employeeID, duration, reasonForDeparture, departureReasonLabel) values (37, 3, 3, 4, 27, 3, 'Curabitur in libero ut massa volutpat convallis. Morbi odio odio, elementum eu, interdum eu, tincidunt in, leo. Maecenas pulvinar lobortis est. Phasellus sit amet erat. Nulla tempus.', 'praesent id massa');
insert into departure (departureID, divID, deptID, companyID, employeeID, duration, reasonForDeparture, departureReasonLabel) values (38, 2, 3, 6, 81, 9, 'Duis ac nibh. Fusce lacus purus, aliquet at, feugiat non, pretium quis, lectus.', 'laoreet');
insert into departure (departureID, divID, deptID, companyID, employeeID, duration, reasonForDeparture, departureReasonLabel) values (39, 3, 4, 3, 122, 13, 'Vivamus metus arcu, adipiscing molestie, hendrerit at, vulputate vitae, nisl. Aenean lectus. Pellentesque eget nunc.', 'ac lobortis vel');
insert into departure (departureID, divID, deptID, companyID, employeeID, duration, reasonForDeparture, departureReasonLabel) values (40, 1, 1, 4, 62, 13, 'Fusce posuere felis sed lacus.', 'justo sollicitudin ut');
insert into departure (departureID, divID, deptID, companyID, employeeID, duration, reasonForDeparture, departureReasonLabel) values (41, 3, 2, 20, 72, 2, 'Cum sociis natoque penatibus et magnis dis parturient montes, nascetur ridiculus mus.', 'natoque penatibus');
insert into departure (departureID, divID, deptID, companyID, employeeID, duration, reasonForDeparture, departureReasonLabel) values (42, 3, 1, 17, 89, 3, 'Aenean fermentum.', 'ante ipsum primis');
insert into departure (departureID, divID, deptID, companyID, employeeID, duration, reasonForDeparture, departureReasonLabel) values (43, 1, 1, 3, 38, 15, 'Vivamus vel nulla eget eros elementum pellentesque.', 'nisi nam ultrices');
insert into departure (departureID, divID, deptID, companyID, employeeID, duration, reasonForDeparture, departureReasonLabel) values (44, 3, 2, 6, 2, 2, 'Quisque arcu libero, rutrum ac, lobortis vel, dapibus at, diam. Nam tristique tortor eu pede.', 'quisque');
insert into departure (departureID, divID, deptID, companyID, employeeID, duration, reasonForDeparture, departureReasonLabel) values (45, 2, 4, 17, 12, 11, 'Ut at dolor quis odio consequat varius. Integer ac leo.', 'pellentesque ultrices mattis');
insert into departure (departureID, divID, deptID, companyID, employeeID, duration, reasonForDeparture, departureReasonLabel) values (46, 3, 1, 15, 11, 6, 'Nam dui. Proin leo odio, porttitor id, consequat in, consequat ut, nulla. Sed accumsan felis. Ut at dolor quis odio consequat varius.', 'purus eu magna');
insert into departure (departureID, divID, deptID, companyID, employeeID, duration, reasonForDeparture, departureReasonLabel) values (47, 2, 4, 19, 22, 2, 'Morbi odio odio, elementum eu, interdum eu, tincidunt in, leo.', 'cras');
insert into departure (departureID, divID, deptID, companyID, employeeID, duration, reasonForDeparture, departureReasonLabel) values (48, 1, 4, 20, 106, 6, 'Pellentesque at nulla. Suspendisse potenti. Cras in purus eu magna vulputate luctus. Cum sociis natoque penatibus et magnis dis parturient montes, nascetur ridiculus mus. Vivamus vestibulum sagittis sapien.', 'nulla ut erat');
insert into departure (departureID, divID, deptID, companyID, employeeID, duration, reasonForDeparture, departureReasonLabel) values (49, 2, 4, 8, 141, 6, 'Aliquam quis turpis eget elit sodales scelerisque. Mauris sit amet eros.', 'nisl duis');
insert into departure (departureID, divID, deptID, companyID, employeeID, duration, reasonForDeparture, departureReasonLabel) values (50, 1, 4, 16, 94, 7, 'In hac habitasse platea dictumst.', 'at nunc');
insert into departure (departureID, divID, deptID, companyID, employeeID, duration, reasonForDeparture, departureReasonLabel) values (51, 3, 3, 20, 22, 5, 'Nulla facilisi. Cras non velit nec nisi vulputate nonummy. Maecenas tincidunt lacus at velit. Vivamus vel nulla eget eros elementum pellentesque. Quisque porta volutpat erat.', 'lorem integer');
insert into departure (departureID, divID, deptID, companyID, employeeID, duration, reasonForDeparture, departureReasonLabel) values (52, 3, 4, 2, 58, 5, 'Proin at turpis a pede posuere nonummy. Integer non velit. Donec diam neque, vestibulum eget, vulputate ut, ultrices vel, augue. Vestibulum ante ipsum primis in faucibus orci luctus et ultrices posuere cubilia Curae; Donec pharetra, magna vestibulum aliquet ultrices, erat tortor sollicitudin mi, sit amet lobortis sapien sapien non mi. Integer ac neque.', 'vel');
insert into departure (departureID, divID, deptID, companyID, employeeID, duration, reasonForDeparture, departureReasonLabel) values (53, 1, 4, 13, 72, 15, 'In quis justo. Maecenas rhoncus aliquam lacus. Morbi quis tortor id nulla ultrices aliquet. Maecenas leo odio, condimentum id, luctus nec, molestie sed, justo. Pellentesque viverra pede ac diam.', 'consequat ut nulla');
insert into departure (departureID, divID, deptID, companyID, employeeID, duration, reasonForDeparture, departureReasonLabel) values (54, 2, 4, 5, 63, 7, 'Morbi a ipsum. Integer a nibh. In quis justo. Maecenas rhoncus aliquam lacus.', 'leo rhoncus sed');
insert into departure (departureID, divID, deptID, companyID, employeeID, duration, reasonForDeparture, departureReasonLabel) values (55, 3, 1, 3, 3, 1, 'Morbi non quam nec dui luctus rutrum. Nulla tellus. In sagittis dui vel nisl. Duis ac nibh. Fusce lacus purus, aliquet at, feugiat non, pretium quis, lectus.', 'lorem integer tincidunt');
insert into departure (departureID, divID, deptID, companyID, employeeID, duration, reasonForDeparture, departureReasonLabel) values (56, 3, 3, 17, 68, 5, 'Cras non velit nec nisi vulputate nonummy. Maecenas tincidunt lacus at velit. Vivamus vel nulla eget eros elementum pellentesque. Quisque porta volutpat erat. Quisque erat eros, viverra eget, congue eget, semper rutrum, nulla.', 'nulla');
insert into departure (departureID, divID, deptID, companyID, employeeID, duration, reasonForDeparture, departureReasonLabel) values (57, 2, 2, 4, 129, 2, 'Morbi non lectus. Aliquam sit amet diam in magna bibendum imperdiet. Nullam orci pede, venenatis non, sodales sed, tincidunt eu, felis.', 'imperdiet nullam orci');
insert into departure (departureID, divID, deptID, companyID, employeeID, duration, reasonForDeparture, departureReasonLabel) values (58, 2, 2, 3, 96, 9, 'Duis at velit eu est congue elementum. In hac habitasse platea dictumst. Morbi vestibulum, velit id pretium iaculis, diam erat fermentum justo, nec condimentum neque sapien placerat ante. Nulla justo. Aliquam quis turpis eget elit sodales scelerisque.', 'non sodales');
insert into departure (departureID, divID, deptID, companyID, employeeID, duration, reasonForDeparture, departureReasonLabel) values (59, 1, 3, 16, 69, 4, 'Curabitur in libero ut massa volutpat convallis. Morbi odio odio, elementum eu, interdum eu, tincidunt in, leo. Maecenas pulvinar lobortis est. Phasellus sit amet erat.', 'ut erat');
insert into departure (departureID, divID, deptID, companyID, employeeID, duration, reasonForDeparture, departureReasonLabel) values (60, 1, 3, 3, 63, 8, 'Duis aliquam convallis nunc. Proin at turpis a pede posuere nonummy. Integer non velit. Donec diam neque, vestibulum eget, vulputate ut, ultrices vel, augue.', 'pellentesque viverra');
insert into departure (departureID, divID, deptID, companyID, employeeID, duration, reasonForDeparture, departureReasonLabel) values (61, 1, 3, 16, 63, 2, 'Morbi porttitor lorem id ligula. Suspendisse ornare consequat lectus.', 'curae');
insert into departure (departureID, divID, deptID, companyID, employeeID, duration, reasonForDeparture, departureReasonLabel) values (62, 1, 1, 10, 74, 15, 'Sed sagittis. Nam congue, risus semper porta volutpat, quam pede lobortis ligula, sit amet eleifend pede libero quis orci. Nullam molestie nibh in lectus. Pellentesque at nulla.', 'id lobortis');
insert into departure (departureID, divID, deptID, companyID, employeeID, duration, reasonForDeparture, departureReasonLabel) values (63, 1, 4, 10, 48, 14, 'Ut tellus. Nulla ut erat id mauris vulputate elementum.', 'condimentum id');
insert into departure (departureID, divID, deptID, companyID, employeeID, duration, reasonForDeparture, departureReasonLabel) values (64, 2, 3, 5, 135, 5, 'Mauris lacinia sapien quis libero. Nullam sit amet turpis elementum ligula vehicula consequat.', 'sociis natoque');
insert into departure (departureID, divID, deptID, companyID, employeeID, duration, reasonForDeparture, departureReasonLabel) values (65, 3, 1, 12, 30, 3, 'Duis mattis egestas metus. Aenean fermentum.', 'duis bibendum felis');
insert into departure (departureID, divID, deptID, companyID, employeeID, duration, reasonForDeparture, departureReasonLabel) values (66, 2, 1, 18, 124, 5, 'Maecenas tincidunt lacus at velit. Vivamus vel nulla eget eros elementum pellentesque.', 'ut odio cras');
insert into departure (departureID, divID, deptID, companyID, employeeID, duration, reasonForDeparture, departureReasonLabel) values (67, 2, 4, 16, 47, 11, 'Donec odio justo, sollicitudin ut, suscipit a, feugiat et, eros. Vestibulum ac est lacinia nisi venenatis tristique.', 'eros');
insert into departure (departureID, divID, deptID, companyID, employeeID, duration, reasonForDeparture, departureReasonLabel) values (68, 2, 2, 11, 74, 14, 'Donec quis orci eget orci vehicula condimentum. Curabitur in libero ut massa volutpat convallis. Morbi odio odio, elementum eu, interdum eu, tincidunt in, leo. Maecenas pulvinar lobortis est. Phasellus sit amet erat.', 'sed ante');
insert into departure (departureID, divID, deptID, companyID, employeeID, duration, reasonForDeparture, departureReasonLabel) values (69, 1, 3, 5, 58, 11, 'Vivamus in felis eu sapien cursus vestibulum. Proin eu mi. Nulla ac enim. In tempor, turpis nec euismod scelerisque, quam turpis adipiscing lorem, vitae mattis nibh ligula nec sem. Duis aliquam convallis nunc.', 'quis odio');
insert into departure (departureID, divID, deptID, companyID, employeeID, duration, reasonForDeparture, departureReasonLabel) values (70, 2, 3, 13, 79, 7, 'Phasellus in felis. Donec semper sapien a libero. Nam dui.', 'nibh in hac');
insert into departure (departureID, divID, deptID, companyID, employeeID, duration, reasonForDeparture, departureReasonLabel) values (71, 2, 2, 6, 7, 9, 'Maecenas pulvinar lobortis est. Phasellus sit amet erat. Nulla tempus. Vivamus in felis eu sapien cursus vestibulum.', 'curae');
insert into departure (departureID, divID, deptID, companyID, employeeID, duration, reasonForDeparture, departureReasonLabel) values (72, 2, 2, 17, 91, 11, 'Vivamus vel nulla eget eros elementum pellentesque. Quisque porta volutpat erat. Quisque erat eros, viverra eget, congue eget, semper rutrum, nulla. Nunc purus. Phasellus in felis.', 'duis aliquam convallis');
insert into departure (departureID, divID, deptID, companyID, employeeID, duration, reasonForDeparture, departureReasonLabel) values (73, 2, 4, 11, 67, 3, 'Mauris lacinia sapien quis libero.', 'faucibus');
insert into departure (departureID, divID, deptID, companyID, employeeID, duration, reasonForDeparture, departureReasonLabel) values (74, 3, 1, 6, 95, 14, 'Ut at dolor quis odio consequat varius. Integer ac leo. Pellentesque ultrices mattis odio.', 'morbi');
insert into departure (departureID, divID, deptID, companyID, employeeID, duration, reasonForDeparture, departureReasonLabel) values (75, 2, 1, 12, 38, 14, 'Maecenas tristique, est et tempus semper, est quam pharetra magna, ac consequat metus sapien ut nunc. Vestibulum ante ipsum primis in faucibus orci luctus et ultrices posuere cubilia Curae; Mauris viverra diam vitae quam.', 'ante vestibulum');
insert into departure (departureID, divID, deptID, companyID, employeeID, duration, reasonForDeparture, departureReasonLabel) values (76, 3, 3, 10, 9, 1, 'Nam tristique tortor eu pede.', 'pede');
insert into departure (departureID, divID, deptID, companyID, employeeID, duration, reasonForDeparture, departureReasonLabel) values (77, 3, 4, 3, 116, 1, 'Vivamus metus arcu, adipiscing molestie, hendrerit at, vulputate vitae, nisl. Aenean lectus. Pellentesque eget nunc. Donec quis orci eget orci vehicula condimentum. Curabitur in libero ut massa volutpat convallis.', 'tellus nulla ut');
insert into departure (departureID, divID, deptID, companyID, employeeID, duration, reasonForDeparture, departureReasonLabel) values (78, 2, 4, 13, 31, 7, 'Nulla neque libero, convallis eget, eleifend luctus, ultricies eu, nibh. Quisque id justo sit amet sapien dignissim vestibulum. Vestibulum ante ipsum primis in faucibus orci luctus et ultrices posuere cubilia Curae; Nulla dapibus dolor vel est. Donec odio justo, sollicitudin ut, suscipit a, feugiat et, eros. Vestibulum ac est lacinia nisi venenatis tristique.', 'curabitur at ipsum');
insert into departure (departureID, divID, deptID, companyID, employeeID, duration, reasonForDeparture, departureReasonLabel) values (79, 1, 1, 3, 61, 12, 'Vivamus tortor. Duis mattis egestas metus. Aenean fermentum. Donec ut mauris eget massa tempor convallis. Nulla neque libero, convallis eget, eleifend luctus, ultricies eu, nibh.', 'nec');
insert into departure (departureID, divID, deptID, companyID, employeeID, duration, reasonForDeparture, departureReasonLabel) values (80, 3, 3, 12, 84, 5, 'Vestibulum ante ipsum primis in faucibus orci luctus et ultrices posuere cubilia Curae; Nulla dapibus dolor vel est. Donec odio justo, sollicitudin ut, suscipit a, feugiat et, eros. Vestibulum ac est lacinia nisi venenatis tristique. Fusce congue, diam id ornare imperdiet, sapien urna pretium nisl, ut volutpat sapien arcu sed augue. Aliquam erat volutpat.', 'rhoncus sed vestibulum');
insert into departure (departureID, divID, deptID, companyID, employeeID, duration, reasonForDeparture, departureReasonLabel) values (81, 1, 4, 5, 78, 1, 'Donec ut mauris eget massa tempor convallis.', 'ipsum primis');
insert into departure (departureID, divID, deptID, companyID, employeeID, duration, reasonForDeparture, departureReasonLabel) values (82, 3, 1, 9, 50, 14, 'Mauris ullamcorper purus sit amet nulla.', 'volutpat');
insert into departure (departureID, divID, deptID, companyID, employeeID, duration, reasonForDeparture, departureReasonLabel) values (83, 1, 4, 18, 35, 13, 'Nulla ut erat id mauris vulputate elementum.', 'felis donec semper');
insert into departure (departureID, divID, deptID, companyID, employeeID, duration, reasonForDeparture, departureReasonLabel) values (84, 3, 2, 5, 59, 7, 'Phasellus sit amet erat. Nulla tempus. Vivamus in felis eu sapien cursus vestibulum. Proin eu mi. Nulla ac enim.', 'dictumst');
insert into departure (departureID, divID, deptID, companyID, employeeID, duration, reasonForDeparture, departureReasonLabel) values (85, 3, 1, 18, 62, 13, 'Aliquam quis turpis eget elit sodales scelerisque. Mauris sit amet eros. Suspendisse accumsan tortor quis turpis. Sed ante.', 'nulla');
insert into departure (departureID, divID, deptID, companyID, employeeID, duration, reasonForDeparture, departureReasonLabel) values (86, 1, 3, 4, 34, 5, 'Proin leo odio, porttitor id, consequat in, consequat ut, nulla.', 'blandit lacinia erat');
insert into departure (departureID, divID, deptID, companyID, employeeID, duration, reasonForDeparture, departureReasonLabel) values (87, 3, 4, 6, 45, 10, 'Nulla suscipit ligula in lacus. Curabitur at ipsum ac tellus semper interdum. Mauris ullamcorper purus sit amet nulla. Quisque arcu libero, rutrum ac, lobortis vel, dapibus at, diam. Nam tristique tortor eu pede.', 'adipiscing elit proin');
insert into departure (departureID, divID, deptID, companyID, employeeID, duration, reasonForDeparture, departureReasonLabel) values (88, 3, 2, 6, 138, 6, 'Lorem ipsum dolor sit amet, consectetuer adipiscing elit.', 'cras');
insert into departure (departureID, divID, deptID, companyID, employeeID, duration, reasonForDeparture, departureReasonLabel) values (89, 2, 2, 14, 105, 11, 'Vivamus tortor. Duis mattis egestas metus. Aenean fermentum. Donec ut mauris eget massa tempor convallis.', 'id sapien in');
insert into departure (departureID, divID, deptID, companyID, employeeID, duration, reasonForDeparture, departureReasonLabel) values (90, 2, 4, 10, 73, 12, 'In eleifend quam a odio.', 'in hac habitasse');
insert into departure (departureID, divID, deptID, companyID, employeeID, duration, reasonForDeparture, departureReasonLabel) values (91, 1, 4, 17, 85, 2, 'Sed sagittis.', 'in');
insert into departure (departureID, divID, deptID, companyID, employeeID, duration, reasonForDeparture, departureReasonLabel) values (92, 3, 2, 13, 129, 4, 'Nam congue, risus semper porta volutpat, quam pede lobortis ligula, sit amet eleifend pede libero quis orci. Nullam molestie nibh in lectus.', 'tempus vel');
insert into departure (departureID, divID, deptID, companyID, employeeID, duration, reasonForDeparture, departureReasonLabel) values (93, 3, 4, 1, 52, 3, 'Morbi ut odio. Cras mi pede, malesuada in, imperdiet et, commodo vulputate, justo. In blandit ultrices enim. Lorem ipsum dolor sit amet, consectetuer adipiscing elit.', 'in hac habitasse');
insert into departure (departureID, divID, deptID, companyID, employeeID, duration, reasonForDeparture, departureReasonLabel) values (94, 1, 4, 10, 61, 10, 'Morbi porttitor lorem id ligula. Suspendisse ornare consequat lectus. In est risus, auctor sed, tristique in, tempus sit amet, sem. Fusce consequat. Nulla nisl.', 'sociis natoque');
insert into departure (departureID, divID, deptID, companyID, employeeID, duration, reasonForDeparture, departureReasonLabel) values (95, 1, 4, 14, 104, 15, 'Pellentesque eget nunc. Donec quis orci eget orci vehicula condimentum. Curabitur in libero ut massa volutpat convallis.', 'consequat nulla');
insert into departure (departureID, divID, deptID, companyID, employeeID, duration, reasonForDeparture, departureReasonLabel) values (96, 3, 1, 13, 14, 7, 'Vestibulum ante ipsum primis in faucibus orci luctus et ultrices posuere cubilia Curae; Donec pharetra, magna vestibulum aliquet ultrices, erat tortor sollicitudin mi, sit amet lobortis sapien sapien non mi. Integer ac neque. Duis bibendum. Morbi non quam nec dui luctus rutrum. Nulla tellus.', 'primis in faucibus');
insert into departure (departureID, divID, deptID, companyID, employeeID, duration, reasonForDeparture, departureReasonLabel) values (97, 1, 1, 8, 40, 7, 'Curabitur gravida nisi at nibh. In hac habitasse platea dictumst. Aliquam augue quam, sollicitudin vitae, consectetuer eget, rutrum at, lorem.', 'ridiculus');
insert into departure (departureID, divID, deptID, companyID, employeeID, duration, reasonForDeparture, departureReasonLabel) values (98, 1, 1, 20, 86, 11, 'Curabitur gravida nisi at nibh. In hac habitasse platea dictumst. Aliquam augue quam, sollicitudin vitae, consectetuer eget, rutrum at, lorem. Integer tincidunt ante vel ipsum. Praesent blandit lacinia erat.', 'luctus');
insert into departure (departureID, divID, deptID, companyID, employeeID, duration, reasonForDeparture, departureReasonLabel) values (99, 3, 3, 12, 6, 5, 'Pellentesque viverra pede ac diam. Cras pellentesque volutpat dui.', 'nunc');
insert into departure (departureID, divID, deptID, companyID, employeeID, duration, reasonForDeparture, departureReasonLabel) values (100, 1, 2, 11, 127, 6, 'In tempor, turpis nec euismod scelerisque, quam turpis adipiscing lorem, vitae mattis nibh ligula nec sem. Duis aliquam convallis nunc. Proin at turpis a pede posuere nonummy. Integer non velit. Donec diam neque, vestibulum eget, vulputate ut, ultrices vel, augue.', 'justo maecenas rhoncus');#review table and insert statements
*/
create table review(
    reviewID int auto_increment primary key,
    rating float,
    reviewText text,
    date datetime,
    employeeId int,
    constraint fk_employeeID
        foreign key (employeeID) references employee (employeeID)
        on update cascade on delete restrict
);

insert into review (reviewID, rating, reviewText, employeeID) values (1, 1, 'Morbi porttitor lorem id ligula.', 14);
insert into review (reviewID, rating, reviewText, employeeID) values (2, 3, 'Aliquam non mauris. Morbi non lectus.', 91);
insert into review (reviewID, rating, reviewText, employeeID) values (3, 2, 'Fusce lacus purus, aliquet at, feugiat non, pretium quis, lectus.', 45);
insert into review (reviewID, rating, reviewText, employeeID) values (4, 2, 'Donec diam neque, vestibulum eget, vulputate ut, ultrices vel, augue. Vestibulum ante ipsum primis in faucibus orci luctus et ultrices posuere cubilia Curae; Donec pharetra, magna vestibulum aliquet ultrices, erat tortor sollicitudin mi, sit amet lobortis sapien sapien non mi. Integer ac neque. Duis bibendum.', 73);
insert into review (reviewID, rating, reviewText, employeeID) values (5, 2, 'Aenean lectus. Pellentesque eget nunc. Donec quis orci eget orci vehicula condimentum.', 16);
insert into review (reviewID, rating, reviewText, employeeID) values (6, 5, 'Suspendisse ornare consequat lectus.', 103);
insert into review (reviewID, rating, reviewText, employeeID) values (7, 5, 'Duis consequat dui nec nisi volutpat eleifend.', 134);
insert into review (reviewID, rating, reviewText, employeeID) values (8, 1, 'Duis mattis egestas metus. Aenean fermentum.', 97);
insert into review (reviewID, rating, reviewText, employeeID) values (9, 5, 'Donec odio justo, sollicitudin ut, suscipit a, feugiat et, eros. Vestibulum ac est lacinia nisi venenatis tristique. Fusce congue, diam id ornare imperdiet, sapien urna pretium nisl, ut volutpat sapien arcu sed augue. Aliquam erat volutpat. In congue.', 47);
insert into review (reviewID, rating, reviewText, employeeID) values (10, 1, 'Morbi non lectus.', 36);
insert into review (reviewID, rating, reviewText, employeeID) values (11, 5, 'Suspendisse potenti.', 98);
insert into review (reviewID, rating, reviewText, employeeID) values (12, 2, 'Morbi ut odio.', 150);
insert into review (reviewID, rating, reviewText, employeeID) values (13, 2, 'Vivamus metus arcu, adipiscing molestie, hendrerit at, vulputate vitae, nisl.', 97);
insert into review (reviewID, rating, reviewText, employeeID) values (14, 0, 'Integer non velit. Donec diam neque, vestibulum eget, vulputate ut, ultrices vel, augue. Vestibulum ante ipsum primis in faucibus orci luctus et ultrices posuere cubilia Curae; Donec pharetra, magna vestibulum aliquet ultrices, erat tortor sollicitudin mi, sit amet lobortis sapien sapien non mi.', 103);
insert into review (reviewID, rating, reviewText, employeeID) values (15, 3, 'Nunc purus. Phasellus in felis. Donec semper sapien a libero. Nam dui.', 123);
insert into review (reviewID, rating, reviewText, employeeID) values (16, 0, 'Morbi a ipsum.', 71);
insert into review (reviewID, rating, reviewText, employeeID) values (17, 0, 'Morbi ut odio.', 7);
insert into review (reviewID, rating, reviewText, employeeID) values (18, 4, 'Etiam justo. Etiam pretium iaculis justo. In hac habitasse platea dictumst. Etiam faucibus cursus urna. Ut tellus.', 66);
insert into review (reviewID, rating, reviewText, employeeID) values (19, 3, 'Donec ut dolor. Morbi vel lectus in quam fringilla rhoncus. Mauris enim leo, rhoncus sed, vestibulum sit amet, cursus id, turpis.', 55);
insert into review (reviewID, rating, reviewText, employeeID) values (20, 3, 'Nullam varius. Nulla facilisi. Cras non velit nec nisi vulputate nonummy. Maecenas tincidunt lacus at velit.', 70);
insert into review (reviewID, rating, reviewText, employeeID) values (21, 1, 'Aliquam quis turpis eget elit sodales scelerisque.', 148);
insert into review (reviewID, rating, reviewText, employeeID) values (22, 4, 'Vestibulum ante ipsum primis in faucibus orci luctus et ultrices posuere cubilia Curae; Donec pharetra, magna vestibulum aliquet ultrices, erat tortor sollicitudin mi, sit amet lobortis sapien sapien non mi. Integer ac neque. Duis bibendum.', 6);
insert into review (reviewID, rating, reviewText, employeeID) values (23, 4, 'Vestibulum ac est lacinia nisi venenatis tristique. Fusce congue, diam id ornare imperdiet, sapien urna pretium nisl, ut volutpat sapien arcu sed augue. Aliquam erat volutpat.', 49);
insert into review (reviewID, rating, reviewText, employeeID) values (24, 2, 'Vivamus in felis eu sapien cursus vestibulum. Proin eu mi. Nulla ac enim. In tempor, turpis nec euismod scelerisque, quam turpis adipiscing lorem, vitae mattis nibh ligula nec sem.', 128);
insert into review (reviewID, rating, reviewText, employeeID) values (25, 3, 'Phasellus sit amet erat. Nulla tempus. Vivamus in felis eu sapien cursus vestibulum.', 79);
insert into review (reviewID, rating, reviewText, employeeID) values (26, 4, 'Donec vitae nisi. Nam ultrices, libero non mattis pulvinar, nulla pede ullamcorper augue, a suscipit nulla elit ac nulla.', 139);
insert into review (reviewID, rating, reviewText, employeeID) values (27, 2, 'Sed sagittis. Nam congue, risus semper porta volutpat, quam pede lobortis ligula, sit amet eleifend pede libero quis orci. Nullam molestie nibh in lectus. Pellentesque at nulla. Suspendisse potenti.', 127);
insert into review (reviewID, rating, reviewText, employeeID) values (28, 5, 'In hac habitasse platea dictumst.', 72);
insert into review (reviewID, rating, reviewText, employeeID) values (29, 0, 'Morbi quis tortor id nulla ultrices aliquet. Maecenas leo odio, condimentum id, luctus nec, molestie sed, justo. Pellentesque viverra pede ac diam.', 65);
insert into review (reviewID, rating, reviewText, employeeID) values (30, 4, 'Maecenas rhoncus aliquam lacus. Morbi quis tortor id nulla ultrices aliquet.', 121);
insert into review (reviewID, rating, reviewText, employeeID) values (31, 3, 'Vestibulum ante ipsum primis in faucibus orci luctus et ultrices posuere cubilia Curae; Mauris viverra diam vitae quam. Suspendisse potenti. Nullam porttitor lacus at turpis. Donec posuere metus vitae ipsum. Aliquam non mauris.', 94);
insert into review (reviewID, rating, reviewText, employeeID) values (32, 2, 'Nam ultrices, libero non mattis pulvinar, nulla pede ullamcorper augue, a suscipit nulla elit ac nulla.', 107);
insert into review (reviewID, rating, reviewText, employeeID) values (33, 4, 'Quisque porta volutpat erat. Quisque erat eros, viverra eget, congue eget, semper rutrum, nulla. Nunc purus.', 117);
insert into review (reviewID, rating, reviewText, employeeID) values (34, 2, 'Donec ut dolor. Morbi vel lectus in quam fringilla rhoncus. Mauris enim leo, rhoncus sed, vestibulum sit amet, cursus id, turpis. Integer aliquet, massa id lobortis convallis, tortor risus dapibus augue, vel accumsan tellus nisi eu orci.', 15);
insert into review (reviewID, rating, reviewText, employeeID) values (35, 4, 'Quisque id justo sit amet sapien dignissim vestibulum.', 121);
insert into review (reviewID, rating, reviewText, employeeID) values (36, 5, 'Nam congue, risus semper porta volutpat, quam pede lobortis ligula, sit amet eleifend pede libero quis orci. Nullam molestie nibh in lectus.', 104);
insert into review (reviewID, rating, reviewText, employeeID) values (37, 2, 'Nam dui.', 135);
insert into review (reviewID, rating, reviewText, employeeID) values (38, 3, 'Cras mi pede, malesuada in, imperdiet et, commodo vulputate, justo. In blandit ultrices enim. Lorem ipsum dolor sit amet, consectetuer adipiscing elit.', 60);
insert into review (reviewID, rating, reviewText, employeeID) values (39, 5, 'Suspendisse ornare consequat lectus. In est risus, auctor sed, tristique in, tempus sit amet, sem. Fusce consequat. Nulla nisl. Nunc nisl.', 40);
insert into review (reviewID, rating, reviewText, employeeID) values (40, 2, 'Integer tincidunt ante vel ipsum. Praesent blandit lacinia erat. Vestibulum sed magna at nunc commodo placerat. Praesent blandit.', 56);
insert into review (reviewID, rating, reviewText, employeeID) values (41, 1, 'Maecenas ut massa quis augue luctus tincidunt. Nulla mollis molestie lorem. Quisque ut erat. Curabitur gravida nisi at nibh. In hac habitasse platea dictumst.', 110);
insert into review (reviewID, rating, reviewText, employeeID) values (42, 1, 'Praesent blandit.', 19);
insert into review (reviewID, rating, reviewText, employeeID) values (43, 5, 'Aliquam augue quam, sollicitudin vitae, consectetuer eget, rutrum at, lorem. Integer tincidunt ante vel ipsum. Praesent blandit lacinia erat. Vestibulum sed magna at nunc commodo placerat.', 135);
insert into review (reviewID, rating, reviewText, employeeID) values (44, 2, 'Sed accumsan felis. Ut at dolor quis odio consequat varius. Integer ac leo. Pellentesque ultrices mattis odio.', 62);
insert into review (reviewID, rating, reviewText, employeeID) values (45, 0, 'Mauris sit amet eros.', 101);
insert into review (reviewID, rating, reviewText, employeeID) values (46, 4, 'Morbi sem mauris, laoreet ut, rhoncus aliquet, pulvinar sed, nisl. Nunc rhoncus dui vel sem. Sed sagittis. Nam congue, risus semper porta volutpat, quam pede lobortis ligula, sit amet eleifend pede libero quis orci. Nullam molestie nibh in lectus.', 127);
insert into review (reviewID, rating, reviewText, employeeID) values (47, 1, 'Curabitur convallis.', 31);
insert into review (reviewID, rating, reviewText, employeeID) values (48, 2, 'Maecenas leo odio, condimentum id, luctus nec, molestie sed, justo. Pellentesque viverra pede ac diam.', 50);
insert into review (reviewID, rating, reviewText, employeeID) values (49, 4, 'In blandit ultrices enim. Lorem ipsum dolor sit amet, consectetuer adipiscing elit.', 33);
insert into review (reviewID, rating, reviewText, employeeID) values (50, 0, 'Nulla nisl. Nunc nisl. Duis bibendum, felis sed interdum venenatis, turpis enim blandit mi, in porttitor pede justo eu massa. Donec dapibus.', 71);
insert into review (reviewID, rating, reviewText, employeeID) values (51, 0, 'Quisque erat eros, viverra eget, congue eget, semper rutrum, nulla. Nunc purus. Phasellus in felis. Donec semper sapien a libero.', 11);
insert into review (reviewID, rating, reviewText, employeeID) values (52, 0, 'Phasellus in felis. Donec semper sapien a libero.', 71);
insert into review (reviewID, rating, reviewText, employeeID) values (53, 3, 'Duis at velit eu est congue elementum. In hac habitasse platea dictumst.', 22);
insert into review (reviewID, rating, reviewText, employeeID) values (54, 3, 'Duis aliquam convallis nunc.', 88);
insert into review (reviewID, rating, reviewText, employeeID) values (55, 4, 'Curabitur convallis. Duis consequat dui nec nisi volutpat eleifend. Donec ut dolor.', 50);
insert into review (reviewID, rating, reviewText, employeeID) values (56, 4, 'Nunc purus.', 132);
insert into review (reviewID, rating, reviewText, employeeID) values (57, 3, 'Nullam porttitor lacus at turpis.', 131);
insert into review (reviewID, rating, reviewText, employeeID) values (58, 1, 'Morbi vestibulum, velit id pretium iaculis, diam erat fermentum justo, nec condimentum neque sapien placerat ante. Nulla justo.', 142);
insert into review (reviewID, rating, reviewText, employeeID) values (59, 1, 'Suspendisse ornare consequat lectus. In est risus, auctor sed, tristique in, tempus sit amet, sem. Fusce consequat. Nulla nisl.', 123);
insert into review (reviewID, rating, reviewText, employeeID) values (60, 4, 'Nulla facilisi.', 20);
insert into review (reviewID, rating, reviewText, employeeID) values (61, 4, 'Aenean fermentum.', 98);
insert into review (reviewID, rating, reviewText, employeeID) values (62, 4, 'Maecenas tristique, est et tempus semper, est quam pharetra magna, ac consequat metus sapien ut nunc. Vestibulum ante ipsum primis in faucibus orci luctus et ultrices posuere cubilia Curae; Mauris viverra diam vitae quam. Suspendisse potenti. Nullam porttitor lacus at turpis.', 42);
insert into review (reviewID, rating, reviewText, employeeID) values (63, 0, 'Phasellus id sapien in sapien iaculis congue.', 137);
insert into review (reviewID, rating, reviewText, employeeID) values (64, 0, 'Integer pede justo, lacinia eget, tincidunt eget, tempus vel, pede. Morbi porttitor lorem id ligula. Suspendisse ornare consequat lectus. In est risus, auctor sed, tristique in, tempus sit amet, sem.', 67);
insert into review (reviewID, rating, reviewText, employeeID) values (65, 5, 'Nulla ut erat id mauris vulputate elementum. Nullam varius.', 67);
insert into review (reviewID, rating, reviewText, employeeID) values (66, 4, 'Duis ac nibh. Fusce lacus purus, aliquet at, feugiat non, pretium quis, lectus.', 86);
insert into review (reviewID, rating, reviewText, employeeID) values (67, 4, 'Maecenas tristique, est et tempus semper, est quam pharetra magna, ac consequat metus sapien ut nunc. Vestibulum ante ipsum primis in faucibus orci luctus et ultrices posuere cubilia Curae; Mauris viverra diam vitae quam. Suspendisse potenti. Nullam porttitor lacus at turpis. Donec posuere metus vitae ipsum.', 84);
insert into review (reviewID, rating, reviewText, employeeID) values (68, 3, 'Proin risus.', 64);
insert into review (reviewID, rating, reviewText, employeeID) values (69, 4, 'Duis aliquam convallis nunc. Proin at turpis a pede posuere nonummy. Integer non velit. Donec diam neque, vestibulum eget, vulputate ut, ultrices vel, augue.', 136);
insert into review (reviewID, rating, reviewText, employeeID) values (70, 3, 'Donec ut mauris eget massa tempor convallis. Nulla neque libero, convallis eget, eleifend luctus, ultricies eu, nibh.', 122);
insert into review (reviewID, rating, reviewText, employeeID) values (71, 2, 'Pellentesque at nulla. Suspendisse potenti.', 31);
insert into review (reviewID, rating, reviewText, employeeID) values (72, 4, 'Vestibulum ac est lacinia nisi venenatis tristique.', 25);
insert into review (reviewID, rating, reviewText, employeeID) values (73, 4, 'Integer non velit. Donec diam neque, vestibulum eget, vulputate ut, ultrices vel, augue. Vestibulum ante ipsum primis in faucibus orci luctus et ultrices posuere cubilia Curae; Donec pharetra, magna vestibulum aliquet ultrices, erat tortor sollicitudin mi, sit amet lobortis sapien sapien non mi. Integer ac neque. Duis bibendum.', 26);
insert into review (reviewID, rating, reviewText, employeeID) values (74, 0, 'Suspendisse accumsan tortor quis turpis. Sed ante. Vivamus tortor. Duis mattis egestas metus.', 139);
insert into review (reviewID, rating, reviewText, employeeID) values (75, 5, 'Duis mattis egestas metus. Aenean fermentum.', 108);
insert into review (reviewID, rating, reviewText, employeeID) values (76, 0, 'Duis bibendum, felis sed interdum venenatis, turpis enim blandit mi, in porttitor pede justo eu massa. Donec dapibus. Duis at velit eu est congue elementum. In hac habitasse platea dictumst. Morbi vestibulum, velit id pretium iaculis, diam erat fermentum justo, nec condimentum neque sapien placerat ante.', 116);
insert into review (reviewID, rating, reviewText, employeeID) values (77, 4, 'Cras in purus eu magna vulputate luctus. Cum sociis natoque penatibus et magnis dis parturient montes, nascetur ridiculus mus. Vivamus vestibulum sagittis sapien. Cum sociis natoque penatibus et magnis dis parturient montes, nascetur ridiculus mus. Etiam vel augue.', 25);
insert into review (reviewID, rating, reviewText, employeeID) values (78, 5, 'Mauris enim leo, rhoncus sed, vestibulum sit amet, cursus id, turpis. Integer aliquet, massa id lobortis convallis, tortor risus dapibus augue, vel accumsan tellus nisi eu orci.', 47);
insert into review (reviewID, rating, reviewText, employeeID) values (79, 3, 'Nulla facilisi. Cras non velit nec nisi vulputate nonummy.', 48);
insert into review (reviewID, rating, reviewText, employeeID) values (80, 1, 'Maecenas tristique, est et tempus semper, est quam pharetra magna, ac consequat metus sapien ut nunc.', 49);
insert into review (reviewID, rating, reviewText, employeeID) values (81, 4, 'Vestibulum quam sapien, varius ut, blandit non, interdum in, ante. Vestibulum ante ipsum primis in faucibus orci luctus et ultrices posuere cubilia Curae; Duis faucibus accumsan odio. Curabitur convallis.', 25);
insert into review (reviewID, rating, reviewText, employeeID) values (82, 1, 'Morbi quis tortor id nulla ultrices aliquet. Maecenas leo odio, condimentum id, luctus nec, molestie sed, justo. Pellentesque viverra pede ac diam.', 70);
insert into review (reviewID, rating, reviewText, employeeID) values (83, 1, 'Quisque id justo sit amet sapien dignissim vestibulum. Vestibulum ante ipsum primis in faucibus orci luctus et ultrices posuere cubilia Curae; Nulla dapibus dolor vel est. Donec odio justo, sollicitudin ut, suscipit a, feugiat et, eros.', 92);
insert into review (reviewID, rating, reviewText, employeeID) values (84, 4, 'Morbi ut odio. Cras mi pede, malesuada in, imperdiet et, commodo vulputate, justo. In blandit ultrices enim. Lorem ipsum dolor sit amet, consectetuer adipiscing elit.', 29);
insert into review (reviewID, rating, reviewText, employeeID) values (85, 1, 'Aliquam sit amet diam in magna bibendum imperdiet.', 135);
insert into review (reviewID, rating, reviewText, employeeID) values (86, 3, 'Aenean auctor gravida sem. Praesent id massa id nisl venenatis lacinia. Aenean sit amet justo. Morbi ut odio.', 107);
insert into review (reviewID, rating, reviewText, employeeID) values (87, 5, 'Vestibulum ante ipsum primis in faucibus orci luctus et ultrices posuere cubilia Curae; Duis faucibus accumsan odio. Curabitur convallis. Duis consequat dui nec nisi volutpat eleifend. Donec ut dolor.', 30);
insert into review (reviewID, rating, reviewText, employeeID) values (88, 0, 'Cras pellentesque volutpat dui.', 127);
insert into review (reviewID, rating, reviewText, employeeID) values (89, 4, 'Aliquam erat volutpat. In congue. Etiam justo. Etiam pretium iaculis justo.', 102);
insert into review (reviewID, rating, reviewText, employeeID) values (90, 1, 'Integer ac leo. Pellentesque ultrices mattis odio. Donec vitae nisi.', 54);
insert into review (reviewID, rating, reviewText, employeeID) values (91, 2, 'Nullam orci pede, venenatis non, sodales sed, tincidunt eu, felis. Fusce posuere felis sed lacus. Morbi sem mauris, laoreet ut, rhoncus aliquet, pulvinar sed, nisl. Nunc rhoncus dui vel sem. Sed sagittis.', 101);
insert into review (reviewID, rating, reviewText, employeeID) values (92, 5, 'Nam congue, risus semper porta volutpat, quam pede lobortis ligula, sit amet eleifend pede libero quis orci. Nullam molestie nibh in lectus. Pellentesque at nulla. Suspendisse potenti.', 43);
insert into review (reviewID, rating, reviewText, employeeID) values (93, 5, 'Duis mattis egestas metus. Aenean fermentum. Donec ut mauris eget massa tempor convallis. Nulla neque libero, convallis eget, eleifend luctus, ultricies eu, nibh. Quisque id justo sit amet sapien dignissim vestibulum.', 64);
insert into review (reviewID, rating, reviewText, employeeID) values (94, 4, 'Morbi vestibulum, velit id pretium iaculis, diam erat fermentum justo, nec condimentum neque sapien placerat ante. Nulla justo. Aliquam quis turpis eget elit sodales scelerisque. Mauris sit amet eros.', 114);
insert into review (reviewID, rating, reviewText, employeeID) values (95, 5, 'Morbi porttitor lorem id ligula. Suspendisse ornare consequat lectus. In est risus, auctor sed, tristique in, tempus sit amet, sem.', 94);
insert into review (reviewID, rating, reviewText, employeeID) values (96, 4, 'In tempor, turpis nec euismod scelerisque, quam turpis adipiscing lorem, vitae mattis nibh ligula nec sem. Duis aliquam convallis nunc.', 70);
insert into review (reviewID, rating, reviewText, employeeID) values (97, 4, 'Vestibulum ante ipsum primis in faucibus orci luctus et ultrices posuere cubilia Curae; Duis faucibus accumsan odio.', 41);
insert into review (reviewID, rating, reviewText, employeeID) values (98, 0, 'Etiam vel augue. Vestibulum rutrum rutrum neque. Aenean auctor gravida sem. Praesent id massa id nisl venenatis lacinia. Aenean sit amet justo.', 81);
insert into review (reviewID, rating, reviewText, employeeID) values (99, 5, 'In hac habitasse platea dictumst. Maecenas ut massa quis augue luctus tincidunt. Nulla mollis molestie lorem.', 5);
insert into review (reviewID, rating, reviewText, employeeID) values (100, 1, 'Suspendisse potenti. Nullam porttitor lacus at turpis. Donec posuere metus vitae ipsum.', 144);


create user 'user_15'@'%'
identified by 'pass17';

grant all privileges
on GlassBreaker.* to 'user_15'@'%';

flush privileges;

select * from jobPosition;
insert into jobPosition (name, divID, deptID, companyID, jobTypeID, availability, description) values ('title', 2, 3, 4, 1, 1, 'this is a description');

select * from jobPosition where positionID = 288;



delete
from jobPosition
where positionID = 288;

show tables;